DATE,CITY,TEMP,PRCP,WDSP,TEMP_ROLLING,TEMP_ROLLING_STD
2023-01-01,Mumbai,28.0,0.0,8.0,26.88,1.5293322539125183
2023-01-02,Mumbai,27.5,0.0,5.4,26.74375,1.5747883455668998
2023-01-03,Mumbai,25.8,0.0,7.6,26.823529411764707,1.559859533645861
2023-01-04,Mumbai,27.4,0.2,11.2,26.75,1.5451061261856645
2023-01-05,Mumbai,25.6,0.0,10.2,26.736842105263158,1.5026681922189051
2023-01-06,Mumbai,28.7,0.0,9.2,26.77,1.4700877166811652
2023-01-07,Mumbai,25.9,0.0,5.8,26.861904761904764,1.4934778841603888
2023-01-08,Mumbai,26.5,0.0,7.5,26.827272727272728,1.4665092398786141
2023-01-09,Mumbai,23.2,0.0,8.3,27.017391304347825,1.6983018721687437
2023-01-10,Mumbai,29.8,0.0,5.9,26.97083333333333,1.6765594082153379
2023-01-11,Mumbai,26.3,0.0,10.0,26.96,1.642153058233814
2023-01-12,Mumbai,27.5,0.0,11.0,27.03846153846154,1.65796910057502
2023-01-13,Mumbai,26.5,0.0,6.7,26.937037037037037,1.7090591537109507
2023-01-14,Mumbai,26.8,6.6,10.6,26.932142857142857,1.677311245974645
2023-01-15,Mumbai,27.7,0.0,10.0,26.82758620689655,1.7406682936086313
2023-01-16,Mumbai,24.7,0.0,5.8,26.716666666666665,1.8150868381113496
2023-01-17,Mumbai,28.1,0.0,6.0,26.546666666666667,1.9261778006041466
2023-01-18,Mumbai,25.5,0.0,14.7,26.60666666666667,1.9840629393057154
2023-01-19,Mumbai,26.5,0.0,15.9,26.693333333333335,2.004294240449453
2023-01-20,Mumbai,27.4,0.0,7.0,26.71333333333333,2.014556224484488
2023-01-21,Mumbai,28.7,0.0,11.2,26.773333333333333,2.0070450630360726
2023-01-22,Mumbai,26.1,0.0,8.4,26.743333333333332,1.9838456790186378
2023-01-23,Mumbai,31.2,0.0,12.3,26.743333333333336,1.9838456790186378
2023-01-24,Mumbai,25.9,0.0,9.0,26.893333333333334,2.1295836299102255
2023-01-25,Mumbai,26.7,0.0,8.3,27.14333333333333,2.1212688677287956
2023-01-26,Mumbai,29.0,0.0,9.7,27.133333333333333,2.108984611597256
2023-01-27,Mumbai,24.3,0.0,5.4,27.183333333333334,2.1063259945702386
2023-01-28,Mumbai,26.8,0.0,12.7,27.269999999999996,2.172262446835336
2023-01-29,Mumbai,23.9,0.0,12.8,27.293333333333333,2.167460508860836
2023-01-30,Mumbai,23.5,0.0,13.6,27.23,2.209719907356026
2023-01-31,Mumbai,22.9,0.0,8.1,27.32333333333333,2.288002190337351
2023-02-01,Mumbai,29.3,0.0,6.3,27.410000000000004,2.2338076353446708
2023-02-02,Mumbai,28.4,0.0,6.1,27.540000000000003,2.3837958718440433
2023-02-03,Mumbai,28.0,0.0,5.8,27.60666666666667,2.3525383698484514
2023-02-04,Mumbai,27.4,0.0,7.9,27.7,2.36264025308917
2023-02-05,Mumbai,27.8,0.2,9.4,27.776666666666667,2.3897313848953905
2023-02-06,Mumbai,25.9,0.0,9.0,27.856666666666666,2.4608217485549293
2023-02-07,Mumbai,31.0,0.0,6.8,27.983333333333334,2.4650779288700635
2023-02-08,Mumbai,30.7,0.0,9.9,27.9,2.3938138665289386
2023-02-09,Mumbai,29.5,0.0,11.2,28.073333333333334,2.4319615090723006
2023-02-10,Mumbai,27.8,0.0,8.5,28.18,2.439813446797202
2023-02-11,Mumbai,30.1,0.0,8.8,28.276666666666664,2.5292336761370584
2023-02-12,Mumbai,27.2,0.0,8.8,28.44666666666667,2.421845026696252
2023-02-13,Mumbai,24.9,0.0,12.8,28.50333333333333,2.401792912680512
2023-02-14,Mumbai,30.5,0.0,6.7,28.65,2.2398814623808296
2023-02-15,Mumbai,27.3,0.0,13.4,28.68,2.1735716673492713
2023-02-16,Mumbai,32.0,0.0,10.6,29.053333333333335,2.107414387893112
2023-02-17,Mumbai,27.5,0.0,5.6,29.163333333333334,2.2046163687438654
2023-02-18,Mumbai,29.3,0.0,8.2,29.23,2.2109679577833963
2023-02-19,Mumbai,29.7,0.0,5.6,29.386666666666663,2.286049646990591
2023-02-20,Mumbai,31.1,0.0,7.5,29.433333333333334,2.2582161610184968
2023-02-21,Mumbai,29.9,0.0,10.2,29.576666666666668,2.2872485101375624
2023-02-22,Mumbai,28.7,0.0,6.2,29.826666666666664,2.2813990464615053
2023-02-23,Mumbai,31.1,0.0,8.7,29.819999999999997,2.2781420136775545
2023-02-24,Mumbai,29.9,0.0,7.2,29.843333333333337,2.2910144317391032
2023-02-25,Mumbai,31.9,0.0,6.9,29.860000000000003,2.290249195897776
2023-02-26,Mumbai,29.4,0.0,9.0,30.05,2.3491377728567002
2023-02-27,Mumbai,28.5,4.3,7.9,30.12666666666667,2.3880353103918357
2023-02-28,Mumbai,28.3,6.2,7.4,30.19,2.3322846576132172
2023-03-01,Mumbai,24.4,0.0,6.6,30.31,2.134987684693562
2023-03-02,Mumbai,34.1,0.0,10.3,30.27,2.1425331446356064
2023-03-03,Mumbai,32.6,0.0,17.6,30.336666666666662,2.077047528772917
2023-03-04,Mumbai,30.4,7.3,8.7,30.39333333333333,2.146036174990508
2023-03-05,Mumbai,32.7,0.0,6.0,30.439999999999998,2.0955782676536194
2023-03-06,Mumbai,28.8,1.3,13.6,30.42,2.1096494234007808
2023-03-07,Mumbai,32.1,0.0,6.7,30.513333333333332,2.138438575276354
2023-03-08,Mumbai,33.4,3.0,6.2,30.416666666666668,2.176216795319336
2023-03-09,Mumbai,30.8,0.0,6.9,30.473333333333333,2.184417121549732
2023-03-10,Mumbai,31.4,0.0,6.9,30.576666666666668,2.170918021821953
2023-03-11,Mumbai,30.0,0.5,7.2,30.529999999999998,2.1743251033763307
2023-03-12,Mumbai,33.5,0.0,8.1,30.593333333333337,2.182995937780896
2023-03-13,Mumbai,32.4,0.0,6.0,30.616666666666667,2.201109960331683
2023-03-14,Mumbai,29.1,0.0,6.0,30.66,2.189095231147919
2023-03-15,Mumbai,28.5,0.0,11.0,30.746666666666666,2.151780871636401
2023-03-16,Mumbai,29.3,0.0,7.0,30.826666666666664,2.1017124927779562
2023-03-17,Mumbai,29.3,0.0,7.0,30.973333333333336,1.7641904137853248
2023-03-18,Mumbai,33.7,0.0,14.6,30.96333333333333,1.7466190657723912
2023-03-19,Mumbai,28.9,0.0,7.6,30.969999999999995,1.7534498016472078
2023-03-20,Mumbai,28.7,0.0,14.6,30.916666666666668,1.795220346351417
2023-03-21,Mumbai,32.5,0.0,10.7,30.90333333333333,1.7829621485013594
2023-03-22,Mumbai,28.2,0.0,6.4,31.086666666666666,1.8410516734648974
2023-03-23,Mumbai,31.6,4.3,9.9,31.086666666666662,1.8410516734648974
2023-03-24,Mumbai,31.8,0.0,6.7,31.02,1.789895007516116
2023-03-25,Mumbai,29.7,0.0,14.6,31.016666666666666,1.7904118835183596
2023-03-26,Mumbai,31.8,2.1,5.7,30.956666666666663,1.8072046109246196
2023-03-27,Mumbai,32.6,0.0,14.3,31.066666666666663,1.8469608463137963
2023-03-28,Mumbai,30.7,3.0,6.3,31.1,1.9006351025653325
2023-03-29,Mumbai,31.1,4.1,10.0,31.043333333333333,1.8858243113645068
2023-03-30,Mumbai,30.7,0.0,5.1,31.15666666666667,1.8670802087074918
2023-03-31,Mumbai,28.8,0.0,6.9,31.366666666666667,1.9117302748238962
2023-04-01,Mumbai,33.8,0.0,6.3,31.44333333333333,1.871691717419715
2023-04-02,Mumbai,32.8,0.0,8.3,31.540000000000003,1.8316376693342578
2023-04-03,Mumbai,28.8,0.0,6.9,31.446666666666665,1.7886101969914239
2023-04-04,Mumbai,32.3,0.0,8.6,31.683333333333334,1.905904316687465
2023-04-05,Mumbai,34.3,0.0,9.1,31.826666666666664,1.834146110325753
2023-04-06,Mumbai,32.1,0.0,13.7,31.883333333333333,1.8813207637434017
2023-04-07,Mumbai,31.4,0.0,11.1,31.933333333333334,1.7981471945681857
2023-04-08,Mumbai,30.7,0.0,12.7,31.986666666666668,1.811597377308592
2023-04-09,Mumbai,29.6,0.0,7.8,31.96666666666666,1.817033074933531
2023-04-10,Mumbai,33.3,0.0,6.5,32.07666666666667,1.774470942685985
2023-04-11,Mumbai,34.5,0.0,7.1,32.093333333333334,1.774130837871087
2023-04-12,Mumbai,30.7,0.0,5.1,32.03666666666667,1.7845086899110136
2023-04-13,Mumbai,32.5,1.0,16.0,32.193333333333335,1.8674957108077026
2023-04-14,Mumbai,34.8,0.0,8.9,32.269999999999996,1.8682741436583068
2023-04-15,Mumbai,31.6,0.0,7.8,32.31666666666667,1.8450461789069028
2023-04-16,Mumbai,32.2,0.1,5.7,32.41,1.7281343338589692
2023-04-17,Mumbai,30.9,1.6,6.3,32.32666666666667,1.7190481193909966
2023-04-18,Mumbai,36.0,0.0,6.8,32.24666666666667,1.7517938261095436
2023-04-19,Mumbai,33.0,3.0,11.2,32.343333333333334,1.6308836896589272
2023-04-20,Mumbai,34.2,0.0,8.5,32.303333333333335,1.6466231554584878
2023-04-21,Mumbai,29.7,0.0,8.9,32.29666666666667,1.6386460629252257
2023-04-22,Mumbai,33.2,1.6,6.4,32.20666666666667,1.7218541196034918
2023-04-23,Mumbai,31.2,0.0,10.7,32.20333333333333,1.7235655371698675
2023-04-24,Mumbai,33.0,0.0,13.3,32.21666666666667,1.713049978805397
2023-04-25,Mumbai,32.3,0.0,8.7,32.14333333333333,1.8689261776408874
2023-04-26,Mumbai,30.9,0.2,9.4,32.093333333333334,1.8569410020400714
2023-04-27,Mumbai,35.4,0.0,8.1,31.92666666666667,1.8578692529130385
2023-04-28,Mumbai,33.4,0.0,9.8,32.02333333333333,1.8672648877220532
2023-04-29,Mumbai,32.1,0.0,14.9,32.02,1.8664737174498724
2023-04-30,Mumbai,31.6,0.0,8.4,31.853333333333335,1.8326038256015154
2023-05-01,Mumbai,31.3,0.0,12.0,31.796666666666667,1.8666738505609197
2023-05-02,Mumbai,30.4,0.0,8.7,31.790000000000003,1.8655405059420338
2023-05-03,Mumbai,31.7,0.0,9.6,31.686666666666667,1.9977113341803812
2023-05-04,Mumbai,31.1,0.0,5.5,31.473333333333336,1.8580548474391356
2023-05-05,Mumbai,34.1,3.9,7.7,31.363333333333333,1.8622350926319697
2023-05-06,Mumbai,29.4,0.0,7.3,31.186666666666664,1.8350483096776204
2023-05-07,Mumbai,31.3,1.0,7.2,31.29666666666667,1.841753911700606
2023-05-08,Mumbai,31.1,0.0,9.6,31.166666666666668,1.84041474586076
2023-05-09,Mumbai,27.4,0.0,10.7,31.183333333333334,1.8429892011084643
2023-05-10,Mumbai,31.8,0.0,9.7,31.073333333333334,1.8292514642717517
2023-05-11,Mumbai,29.5,0.0,6.9,31.076666666666664,1.8316533577586736
2023-05-12,Mumbai,33.6,0.1,8.0,31.23,2.001060063893751
2023-05-13,Mumbai,32.4,0.0,10.6,31.12,1.8488393376796812
2023-05-14,Mumbai,29.8,0.0,6.7,31.03666666666667,1.798175959579405
2023-05-15,Mumbai,29.9,0.0,11.1,30.953333333333333,1.8051140633237874
2023-05-16,Mumbai,32.0,0.0,17.8,31.003333333333334,1.8439992769340916
2023-05-17,Mumbai,27.8,0.0,7.2,30.916666666666668,1.8900982155348265
2023-05-18,Mumbai,29.6,0.0,5.9,30.933333333333334,1.887588012715499
2023-05-19,Mumbai,29.7,2.9,8.6,30.863333333333333,1.8970909369317608
2023-05-20,Mumbai,28.9,0.0,7.3,30.793333333333333,1.926571608043589
2023-05-21,Mumbai,33.0,0.0,14.1,30.656666666666663,1.8267520325719822
2023-05-22,Mumbai,29.3,0.0,19.2,30.5,2.1167639583034608
2023-05-23,Mumbai,31.7,0.0,11.6,30.486666666666668,2.1128071428761848
2023-05-24,Mumbai,29.7,0.0,8.1,30.513333333333332,2.1258237078322675
2023-05-25,Mumbai,32.4,0.0,9.8,30.573333333333334,2.059282321140314
2023-05-26,Mumbai,35.5,1.5,8.3,30.556666666666665,2.0510188104743605
2023-05-27,Mumbai,32.1,0.4,5.7,30.656666666666663,2.0707625337697433
2023-05-28,Mumbai,30.9,0.0,6.4,30.46333333333333,2.057196507693052
2023-05-29,Mumbai,29.6,0.0,6.7,30.259999999999998,2.158160135952361
2023-05-30,Mumbai,33.1,0.0,8.4,30.363333333333333,2.2089915523064
2023-05-31,Mumbai,28.7,4.5,13.5,30.29666666666667,2.2531944118232197
2023-06-01,Mumbai,30.9,27.1,12.7,30.216666666666665,2.2331489030041474
2023-06-02,Mumbai,29.6,0.0,6.2,30.470000000000002,2.3760514913728805
2023-06-03,Mumbai,29.0,21.1,13.7,30.493333333333332,2.3706442210902554
2023-06-04,Mumbai,30.0,6.9,12.0,30.44,2.4068293637495395
2023-06-05,Mumbai,24.7,0.0,8.1,30.583333333333332,2.4397686907508125
2023-06-06,Mumbai,30.9,0.0,9.5,30.446666666666665,2.41442980108512
2023-06-07,Mumbai,31.9,0.2,9.1,30.476666666666667,2.405264819219462
2023-06-08,Mumbai,29.2,15.4,7.1,30.276666666666664,2.5454060489484007
2023-06-09,Mumbai,31.3,6.4,11.8,30.28666666666667,2.5436511001983644
2023-06-10,Mumbai,32.5,0.0,12.7,30.22666666666667,2.51312874559863
2023-06-11,Mumbai,27.8,0.0,14.9,30.040000000000003,2.307499019314646
2023-06-12,Mumbai,26.3,19.3,7.3,30.023333333333333,2.2938723972167163
2023-06-13,Mumbai,32.9,16.8,7.6,29.94666666666667,2.3019831530186603
2023-06-14,Mumbai,27.9,16.5,5.9,29.863333333333333,2.3594978035712586
2023-06-15,Mumbai,29.6,0.0,5.4,29.69,2.3038723024957393
2023-06-16,Mumbai,35.4,6.5,12.7,29.716666666666665,2.2966367213569456
2023-06-17,Mumbai,30.3,29.4,11.0,29.79,2.3696864334978103
2023-06-18,Mumbai,28.1,0.0,6.0,29.680000000000003,2.4539061050524973
2023-06-19,Mumbai,33.2,2.8,9.4,29.563333333333336,2.5679031205989324
2023-06-20,Mumbai,28.9,1.1,8.2,29.413333333333338,2.670881726209984
2023-06-21,Mumbai,30.2,9.4,7.6,29.51,2.54387025260116
2023-06-22,Mumbai,25.7,0.0,10.2,29.42666666666667,2.537706449333459
2023-06-23,Mumbai,30.0,0.0,14.0,29.240000000000002,2.5553999619467334
2023-06-24,Mumbai,30.6,33.0,13.6,29.143333333333334,2.611207057827989
2023-06-25,Mumbai,29.9,25.9,7.2,28.860000000000003,2.8217871568601374
2023-06-26,Mumbai,31.6,21.5,9.9,28.650000000000002,2.775601829737383
2023-06-27,Mumbai,28.6,1.0,10.3,28.52,2.9050965916638094
2023-06-28,Mumbai,27.1,0.0,10.5,28.530000000000005,2.8976982542034846
2023-06-29,Mumbai,27.9,0.0,14.1,28.273333333333333,2.8376694339003063
2023-06-30,Mumbai,29.5,4.8,9.5,28.263333333333332,2.839558408278146
2023-07-01,Mumbai,33.1,0.0,5.6,28.103333333333335,2.896309582106587
2023-07-02,Mumbai,26.3,0.0,6.5,27.716666666666665,2.652660776541629
2023-07-03,Mumbai,25.5,0.0,7.9,27.64,2.6082891737292555
2023-07-04,Mumbai,25.5,0.0,13.3,27.636666666666667,2.607744875046919
2023-07-05,Mumbai,27.6,2.3,5.8,27.456666666666667,2.387565970683942
2023-07-06,Mumbai,28.4,11.6,7.7,27.433333333333334,2.376368329359266
2023-07-07,Mumbai,26.3,3.9,21.2,27.24666666666667,2.3714877235584932
2023-07-08,Mumbai,26.3,6.9,6.4,27.206666666666667,2.408309370282117
2023-07-09,Mumbai,22.8,0.0,7.0,27.15,2.3598290411486205
2023-07-10,Mumbai,26.2,0.0,9.4,27.06,2.2736269065844925
2023-07-11,Mumbai,23.9,0.0,7.6,26.996666666666666,2.2175605319007237
2023-07-12,Mumbai,26.6,0.0,10.4,26.826666666666664,2.040948618747654
2023-07-13,Mumbai,25.2,0.0,11.5,26.643333333333334,2.121593957273722
2023-07-14,Mumbai,27.6,0.0,6.2,26.553333333333335,2.1585009698357216
2023-07-15,Mumbai,24.8,32.4,12.2,26.583333333333336,2.183967180082682
2023-07-16,Mumbai,23.8,0.0,8.7,26.543333333333333,2.1392366239697456
2023-07-17,Mumbai,28.0,9.4,14.0,26.28666666666667,1.7523842542983508
2023-07-18,Mumbai,28.0,26.0,5.7,26.293333333333333,1.7528171085689737
2023-07-19,Mumbai,27.8,0.0,7.9,26.266666666666666,1.7712908469158755
2023-07-20,Mumbai,28.2,1.2,8.8,26.293333333333333,1.7653627805996648
2023-07-21,Mumbai,24.6,0.0,7.4,26.096666666666668,1.9352418245636318
2023-07-22,Mumbai,24.5,11.4,14.9,25.906666666666663,1.9805839148287325
2023-07-23,Mumbai,28.3,0.6,5.5,25.860000000000003,1.9874780415182927
2023-07-24,Mumbai,27.9,0.0,6.2,25.833333333333332,1.9867376366248657
2023-07-25,Mumbai,28.0,8.2,7.5,25.896666666666665,1.915721406088911
2023-07-26,Mumbai,26.5,0.8,10.8,25.936666666666664,1.9347072011090296
2023-07-27,Mumbai,23.1,11.3,6.9,25.94333333333333,1.9277793788018067
2023-07-28,Mumbai,24.4,33.9,10.8,25.91,1.9246764170491035
2023-07-29,Mumbai,28.8,5.1,15.6,25.846666666666668,1.9793299690645136
2023-07-30,Mumbai,28.3,0.0,6.8,25.836666666666666,1.9709062038483627
2023-07-31,Mumbai,25.4,0.0,10.5,25.826666666666668,1.9770987684559496
2023-08-01,Mumbai,26.5,0.8,6.0,25.779999999999998,2.0420408993168837
2023-08-02,Mumbai,24.7,17.1,8.7,25.626666666666665,2.042299807997659
2023-08-03,Mumbai,26.3,0.0,10.6,25.470000000000002,2.034215938084934
2023-08-04,Mumbai,21.7,0.0,7.0,25.32,2.0223577909170536
2023-08-05,Mumbai,22.7,17.7,9.2,25.256666666666664,1.9577755380715665
2023-08-06,Mumbai,24.9,4.0,6.5,25.296666666666667,1.9561544493943224
2023-08-07,Mumbai,25.5,36.3,15.5,25.4,1.9941293147983354
2023-08-08,Mumbai,24.7,0.0,5.3,25.363333333333333,1.9485597392616456
2023-08-09,Mumbai,27.4,6.2,15.5,25.25,1.8940469352958482
2023-08-10,Mumbai,24.1,0.0,10.9,25.043333333333337,1.9216880749672693
2023-08-11,Mumbai,25.6,0.0,6.6,24.87666666666667,2.005970971931057
2023-08-12,Mumbai,23.3,26.3,8.1,25.07,2.1058457224822282
2023-08-13,Mumbai,27.3,3.9,10.0,25.13,2.1117324151282983
2023-08-14,Mumbai,24.5,0.0,6.1,25.02333333333333,1.99770270359585
2023-08-15,Mumbai,22.4,68.4,9.2,24.886666666666667,1.9038496994671248
2023-08-16,Mumbai,23.4,0.0,10.2,24.923333333333336,1.924556972456266
2023-08-17,Mumbai,23.3,8.2,12.0,24.833333333333332,1.9113694915775636
2023-08-18,Mumbai,23.3,9.9,6.1,24.759999999999998,1.9582891900136397
2023-08-19,Mumbai,26.3,23.9,6.3,24.6,2.023141974325083
2023-08-20,Mumbai,25.8,0.0,8.7,24.626666666666665,1.988576571723938
2023-08-21,Mumbai,27.6,12.7,7.3,24.64,1.97651731326981
2023-08-22,Mumbai,27.2,40.5,12.4,24.6,1.9832053469764537
2023-08-23,Mumbai,24.5,4.1,12.3,24.52333333333333,1.9916521184483178
2023-08-24,Mumbai,21.8,5.6,9.3,24.383333333333333,2.122146495208699
2023-08-25,Mumbai,21.5,0.0,6.1,24.280000000000005,2.0442349551175036
2023-08-26,Mumbai,28.9,1.9,8.4,24.343333333333337,2.0677629646942237
2023-08-27,Mumbai,26.2,0.0,12.3,24.296666666666667,2.0541771292079574
2023-08-28,Mumbai,25.6,0.0,11.0,24.386666666666667,2.068104801808771
2023-08-29,Mumbai,24.2,7.5,9.2,24.12333333333333,2.1840619123050815
2023-08-30,Mumbai,26.5,8.2,14.9,24.026666666666664,2.230499145209818
2023-08-31,Mumbai,23.8,0.0,5.9,23.91,2.4033525434850334
2023-09-01,Mumbai,22.5,6.3,7.3,23.893333333333334,2.4087388792697855
2023-09-02,Mumbai,21.5,0.0,5.8,23.759999999999998,2.549320396254408
2023-09-03,Mumbai,22.5,0.9,6.3,23.686666666666667,2.5942553689913295
2023-09-04,Mumbai,23.1,0.0,14.3,23.560000000000002,2.5547251691043558
2023-09-05,Mumbai,23.7,23.9,10.8,23.49,2.519763262005348
2023-09-06,Mumbai,23.2,22.4,12.5,23.356666666666666,2.397654505227324
2023-09-07,Mumbai,20.5,2.1,7.0,23.193333333333335,2.291353061091811
2023-09-08,Mumbai,24.3,0.0,6.2,23.220000000000002,2.311649657264512
2023-09-09,Mumbai,26.0,11.5,7.3,23.24,2.301513744743116
2023-09-10,Mumbai,24.2,8.8,7.9,23.19333333333333,2.351658744498192
2023-09-11,Mumbai,26.0,20.7,6.4,22.99,2.0904297528795928
2023-09-12,Mumbai,19.4,0.0,11.5,22.903333333333332,2.0049049050169474
2023-09-13,Mumbai,21.6,9.6,7.4,22.823333333333334,1.9404377986874013
2023-09-14,Mumbai,18.9,8.6,8.5,22.656666666666663,2.030743592930919
2023-09-15,Mumbai,22.9,0.0,12.1,22.52,1.896712218914457
2023-09-16,Mumbai,19.3,38.4,5.3,22.65,2.109216229656971
2023-09-17,Mumbai,21.1,0.0,8.0,22.703333333333333,2.1254587064075774
2023-09-18,Mumbai,22.5,12.7,7.1,22.67,2.152648729292411
2023-09-19,Mumbai,23.7,0.0,7.8,22.55,2.2601113796173755
2023-09-20,Mumbai,23.6,2.0,8.9,22.473333333333336,2.2797358185322576
2023-09-21,Mumbai,22.3,0.0,14.5,22.369999999999997,2.292438845873332
2023-09-22,Mumbai,25.3,1.4,7.8,22.35666666666667,2.288604955792557
2023-09-23,Mumbai,22.4,5.0,8.5,22.38,2.2725346626847167
2023-09-24,Mumbai,20.1,7.7,8.1,22.456666666666663,2.3759837647961333
2023-09-25,Mumbai,22.8,18.9,9.4,22.269999999999996,2.3069834012825483
2023-09-26,Mumbai,23.6,29.3,6.4,22.333333333333332,2.386504200467845
2023-09-27,Mumbai,23.2,0.0,7.2,22.163333333333334,2.2962463122315238
2023-09-28,Mumbai,19.2,2.3,7.5,22.24666666666667,2.237106094525025
2023-09-29,Mumbai,22.4,36.1,9.6,22.323333333333334,2.253531073415822
2023-09-30,Mumbai,27.7,0.0,8.2,22.32,2.2588370520217476
2023-10-01,Mumbai,24.1,0.0,7.1,22.25,2.272739498399739
2023-10-02,Mumbai,20.5,0.0,7.8,22.28666666666667,2.232013677707051
2023-10-03,Mumbai,18.9,0.0,6.1,22.336666666666666,2.2212893635863162
2023-10-04,Mumbai,20.8,0.0,6.6,22.356666666666666,2.2255078201326
2023-10-05,Mumbai,20.6,0.0,14.7,22.326666666666668,2.2128049500863214
2023-10-06,Mumbai,22.8,0.0,6.2,22.19,2.2576078276459723
2023-10-07,Mumbai,21.2,0.5,12.0,22.233333333333334,2.272221051250784
2023-10-08,Mumbai,26.6,0.0,5.4,22.10666666666667,2.2001462856276195
2023-10-09,Mumbai,20.4,0.0,7.0,22.15,2.218845614744085
2023-10-10,Mumbai,26.1,0.0,8.8,22.133333333333333,2.2365819570440078
2023-10-11,Mumbai,20.9,0.0,6.5,22.033333333333335,2.272524546862375
2023-10-12,Mumbai,21.9,2.4,6.9,21.96333333333333,2.254877217137976
2023-10-13,Mumbai,23.9,0.0,9.3,22.07333333333333,2.3935161458051573
2023-10-14,Mumbai,18.8,0.0,7.8,22.14,2.3379330688629327
2023-10-15,Mumbai,20.8,0.0,12.0,22.036666666666665,2.3938834894204084
2023-10-16,Mumbai,20.4,2.0,9.2,21.836666666666666,2.141781941528493
2023-10-17,Mumbai,22.6,0.0,8.2,21.87,2.1855560327783596
2023-10-18,Mumbai,23.1,0.0,9.0,21.923333333333336,2.1704414509389816
2023-10-19,Mumbai,22.8,0.0,7.1,22.01,2.096195239656533
2023-10-20,Mumbai,19.5,0.0,11.8,22.086666666666662,2.092471452997456
2023-10-21,Mumbai,23.6,0.0,8.7,22.19,2.0930673745684465
2023-10-22,Mumbai,21.5,0.0,6.4,22.203333333333333,2.098354582529626
2023-10-23,Mumbai,23.7,4.9,6.1,22.343333333333337,2.1680570251651377
2023-10-24,Mumbai,19.6,0.0,7.1,22.073333333333334,2.1235840448172496
2023-10-25,Mumbai,19.8,0.0,10.0,22.130000000000003,2.0999425279492163
2023-10-26,Mumbai,21.5,0.0,7.5,22.05666666666667,1.9921714600999765
2023-10-27,Mumbai,26.5,0.0,14.7,22.153333333333332,2.004431871238549
2023-10-28,Mumbai,21.2,0.0,5.8,22.033333333333335,2.1242983966856
2023-10-29,Mumbai,19.3,0.8,8.5,21.959999999999997,2.0954137111056963
2023-10-30,Mumbai,21.7,0.0,6.6,21.97666666666667,2.0712620396226304
2023-10-31,Mumbai,25.1,0.0,6.7,22.07333333333333,2.0820966444384132
2023-11-01,Mumbai,22.1,0.0,9.1,22.173333333333332,2.070970675849848
2023-11-02,Mumbai,21.5,3.8,10.1,22.1,2.094162658768273
2023-11-03,Mumbai,23.1,0.0,7.2,22.076666666666668,2.086522157237677
2023-11-04,Mumbai,23.7,1.4,9.8,22.156666666666663,2.1599302883599747
2023-11-05,Mumbai,23.2,0.0,6.6,22.333333333333332,2.15187702079923
2023-11-06,Mumbai,25.4,1.4,8.4,22.163333333333334,2.2476782401545954
2023-11-07,Mumbai,18.5,0.0,7.9,22.243333333333332,2.265891517221463
2023-11-08,Mumbai,22.1,0.0,5.7,22.153333333333332,2.2596510767164557
2023-11-09,Mumbai,23.9,0.0,7.7,22.253333333333334,2.2085622306009114
2023-11-10,Mumbai,23.8,0.0,10.2,22.316666666666666,2.1625469232833754
2023-11-11,Mumbai,18.3,0.0,7.1,22.383333333333333,2.167325275673868
2023-11-12,Mumbai,21.7,0.0,6.6,22.253333333333334,2.024118937035188
2023-11-13,Mumbai,19.3,0.0,10.1,22.30666666666667,2.016472394936346
2023-11-14,Mumbai,23.7,0.0,10.7,22.47666666666667,1.9686654561303751
2023-11-15,Mumbai,23.4,0.0,9.4,22.436666666666667,1.9969776013340717
2023-11-16,Mumbai,20.4,0.0,11.2,22.313333333333333,1.940268970571094
2023-11-17,Mumbai,22.4,0.0,12.0,22.436666666666664,2.0412104815244203
2023-11-18,Mumbai,25.2,0.0,17.9,22.48,2.0344278192465417
2023-11-19,Mumbai,24.8,0.0,7.6,22.47666666666667,2.0334586356718956
2023-11-20,Mumbai,18.5,0.0,13.3,22.57,2.152328330292433
2023-11-21,Mumbai,23.9,0.0,6.5,22.589999999999996,2.161153906341854
2023-11-22,Mumbai,21.0,0.0,7.6,22.503333333333334,2.095723615189863
2023-11-23,Mumbai,22.6,0.0,6.8,22.73,2.0139427790385427
2023-11-24,Mumbai,21.7,0.0,8.4,22.83,2.0556314576439245
2023-11-25,Mumbai,23.5,0.5,11.0,22.866666666666667,2.0849763636026486
2023-11-26,Mumbai,22.6,0.0,9.1,22.93,2.1423721947154215
2023-11-27,Mumbai,22.8,0.0,6.3,23.269999999999996,2.191071222815087
2023-11-28,Mumbai,24.4,0.6,6.2,23.35,2.1755300582807133
2023-11-29,Mumbai,20.5,0.0,8.5,23.406666666666663,2.0867287273647532
2023-11-30,Mumbai,21.4,0.0,10.2,23.353333333333335,2.099381408617953
2023-12-01,Mumbai,25.8,0.0,7.0,23.330000000000002,2.102732212770046
2023-12-02,Mumbai,22.8,0.0,8.3,23.46333333333333,2.036305534512241
2023-12-03,Mumbai,23.0,0.0,6.2,23.533333333333335,2.0345860094587267
2023-12-04,Mumbai,26.5,2.7,8.8,23.530000000000005,2.0318413595418705
2023-12-05,Mumbai,23.8,1.7,7.2,23.563333333333333,2.0613827520804677
2023-12-06,Mumbai,22.8,0.0,10.3,23.646666666666665,1.8933155252522103
2023-12-07,Mumbai,25.3,0.0,6.6,23.63,1.8932092803782887
2023-12-08,Mumbai,25.1,0.2,10.3,23.69,1.8346003980948524
2023-12-09,Mumbai,25.0,0.0,9.5,23.863333333333333,1.968805577577175
2023-12-10,Mumbai,25.7,0.0,5.3,24.023333333333333,1.981932761539734
2023-12-11,Mumbai,28.5,0.2,10.0,23.886666666666667,2.1532226582711083
2023-12-12,Mumbai,24.1,0.0,13.3,23.90666666666667,2.143624602578948
2023-12-13,Mumbai,21.0,0.0,9.0,23.969999999999995,2.137860677374046
2023-12-14,Mumbai,22.1,0.0,9.1,23.923333333333332,2.1434235157374375
2023-12-15,Mumbai,22.7,0.0,8.2,23.99,2.0628654326212352
2023-12-16,Mumbai,24.4,3.9,7.9,24.046666666666667,2.011987066067557
2023-12-17,Mumbai,24.5,0.0,13.2,24.033333333333335,2.001263968412092
2023-12-18,Mumbai,25.1,0.0,9.9,24.18,2.067882475150519
2023-12-19,Mumbai,25.8,0.0,7.1,24.283333333333335,2.0842733511463916
2023-12-20,Mumbai,21.0,0.0,8.6,24.336666666666666,2.1619728112956857
2023-12-21,Mumbai,23.4,1.9,10.4,24.343333333333337,2.1605687842011716
2023-12-22,Mumbai,22.8,1.3,12.0,24.45,2.1607390178937487
2023-12-23,Mumbai,27.8,0.0,7.2,24.436666666666667,2.1565431043500394
2023-12-24,Mumbai,26.5,0.0,9.6,24.556666666666665,2.29071338584558
2023-12-25,Mumbai,19.4,0.0,7.8,24.626666666666665,2.3363592858641944
2023-12-26,Mumbai,23.2,0.7,8.4,24.716666666666665,2.4292872991083962
2023-12-27,Mumbai,24.7,0.0,10.3,24.663333333333338,2.3599361962932135
2023-12-28,Mumbai,23.0,0.0,11.9,24.666666666666668,2.3591835720089587
2023-12-29,Mumbai,22.5,0.0,7.5,24.89,2.316857264961973
2023-12-30,Mumbai,23.1,0.0,12.4,24.886666666666667,2.321077831278122
2023-12-31,Mumbai,25.4,0.0,7.8,25.05333333333333,2.3381002210509165
2024-01-01,Mumbai,27.2,0.0,7.9,25.220000000000002,2.4647025420301425
2024-01-02,Mumbai,26.1,2.5,6.7,25.23,2.462287974418449
2024-01-03,Mumbai,28.1,0.0,11.9,25.13,2.527797187412361
2024-01-04,Mumbai,24.0,0.0,10.5,25.11,2.524685026445637
2024-01-05,Mumbai,26.0,0.9,8.5,25.42,2.5731236886791073
2024-01-06,Mumbai,24.9,0.0,7.4,25.40666666666667,2.5849609259147313
2024-01-07,Mumbai,28.7,4.7,8.6,25.519999999999996,2.540893136484627
2024-01-08,Mumbai,27.1,0.0,5.7,25.5,2.524637222146674
2024-01-09,Mumbai,28.4,0.0,12.9,25.44333333333333,2.5204930187309507
2024-01-10,Mumbai,26.9,0.0,5.2,25.60666666666667,2.260749545117134
2024-01-11,Mumbai,24.2,0.1,6.8,25.84333333333333,2.3691528142927964
2024-01-12,Mumbai,27.7,1.5,6.1,25.853333333333335,2.3647896069328627
2024-01-13,Mumbai,22.0,0.8,8.3,26.063333333333336,2.3823319976709083
2024-01-14,Mumbai,27.7,0.0,6.7,26.206666666666667,2.288039867830506
2024-01-15,Mumbai,29.4,0.7,15.8,26.37666666666667,2.2381771113139
2024-01-16,Mumbai,24.8,0.0,5.8,26.51,2.296376455981565
2024-01-17,Mumbai,22.1,0.0,12.0,26.48,2.2929276572494723
2024-01-18,Mumbai,25.2,0.0,5.9,26.506666666666664,2.293007862496662
2024-01-19,Mumbai,30.3,0.0,7.5,26.566666666666666,2.3587450394054437
2024-01-20,Mumbai,23.0,0.0,6.9,26.69333333333333,2.3178368829777924
2024-01-21,Mumbai,26.2,0.0,9.8,26.756666666666664,2.3241881538965172
2024-01-22,Mumbai,27.2,0.0,5.2,26.86,2.3076484522800715
2024-01-23,Mumbai,24.8,0.0,5.6,26.993333333333336,2.523125228667912
2024-01-24,Mumbai,24.3,0.0,7.8,27.136666666666667,2.6484196111609446
2024-01-25,Mumbai,30.3,2.4,10.2,27.053333333333335,2.6466287382557447
2024-01-26,Mumbai,25.0,0.0,9.9,27.206666666666663,2.767911366596412
2024-01-27,Mumbai,29.3,1.2,6.6,27.396666666666665,2.749982236097329
2024-01-28,Mumbai,26.8,0.0,7.6,27.57333333333333,2.9342135565433196
2024-01-29,Mumbai,28.2,0.0,10.6,27.796666666666667,2.7442081118092787
2024-01-30,Mumbai,29.4,0.0,6.8,27.833333333333332,2.7502142027340066
2024-01-31,Mumbai,26.3,0.0,9.9,27.889999999999997,2.8006587894944865
2024-02-01,Mumbai,26.9,0.0,6.9,28.0,2.7392422813366437
2024-02-02,Mumbai,29.9,0.0,6.8,28.233333333333334,2.507689324283763
2024-02-03,Mumbai,27.8,4.4,11.2,28.343333333333337,2.4415488771557596
2024-02-04,Mumbai,27.9,0.0,6.2,28.28666666666667,2.4141441452455377
2024-02-05,Mumbai,28.0,0.0,6.6,28.386666666666667,2.243724325886546
2024-02-06,Mumbai,32.7,0.0,7.0,28.523333333333333,2.230769672855909
2024-02-07,Mumbai,31.4,0.0,7.6,28.6,2.2232315715394972
2024-02-08,Mumbai,25.9,0.0,5.7,28.80666666666667,2.1445895569587266
2024-02-09,Mumbai,31.5,0.0,8.7,28.96333333333333,1.9684552552583878
2024-02-10,Mumbai,29.9,0.0,11.5,28.970000000000002,1.973470599450849
2024-02-11,Mumbai,33.0,0.0,6.3,29.086666666666666,1.8288367007913164
2024-02-12,Mumbai,28.7,0.0,5.3,29.069999999999997,1.8291037941176325
2024-02-13,Mumbai,28.8,0.0,10.6,29.176666666666666,1.7849337538820533
2024-02-14,Mumbai,31.1,0.0,11.2,29.10333333333333,1.8696271679473384
2024-02-15,Mumbai,28.1,0.0,7.5,29.2,1.958359623203424
2024-02-16,Mumbai,29.1,0.0,12.5,29.25,1.9000453715091803
2024-02-17,Mumbai,28.5,0.0,10.2,29.330000000000002,1.8474866431322536
2024-02-18,Mumbai,28.6,0.0,15.5,29.313333333333333,1.8444199786034694
2024-02-19,Mumbai,26.0,0.0,16.0,29.470000000000002,1.9098925768672912
2024-02-20,Mumbai,30.3,0.0,8.7,29.540000000000003,1.8887324704224149
2024-02-21,Mumbai,29.5,0.0,14.2,29.573333333333334,1.8693412694341205
2024-02-22,Mumbai,31.0,0.0,6.8,29.59333333333333,1.9067816057310802
2024-02-23,Mumbai,29.0,0.0,10.0,29.58,1.895075287377248
2024-02-24,Mumbai,30.5,1.3,7.2,29.740000000000002,1.7723158432616473
2024-02-25,Mumbai,28.5,0.0,6.0,29.80666666666667,1.8754187271911402
2024-02-26,Mumbai,28.8,0.0,7.5,29.673333333333336,2.006185836156706
2024-02-27,Mumbai,30.0,0.0,6.4,29.67,2.0005430297280493
2024-02-28,Mumbai,26.0,0.0,6.5,29.69333333333333,1.9929069624345035
2024-02-29,Mumbai,32.3,0.0,6.7,29.76,1.995443084492429
2024-03-01,Mumbai,27.8,0.0,9.8,29.833333333333332,2.0848109702343716
2024-03-02,Mumbai,29.3,0.0,7.1,29.953333333333333,2.0852078922791804
2024-03-03,Mumbai,29.4,0.0,10.3,29.966666666666665,2.080837585558195
2024-03-04,Mumbai,32.5,0.0,9.9,30.07,2.0824637265542454
2024-03-05,Mumbai,30.0,0.0,8.5,30.083333333333332,2.073990545207378
2024-03-06,Mumbai,29.0,0.0,7.4,30.233333333333334,1.9259271539441105
2024-03-07,Mumbai,33.3,0.0,10.7,30.206666666666667,1.9305052640987674
2024-03-08,Mumbai,31.0,0.0,14.0,30.17,1.954684911551906
2024-03-09,Mumbai,30.7,0.0,7.6,30.13,1.9493854027042128
2024-03-10,Mumbai,33.5,0.0,10.3,30.376666666666665,2.246941727423566
2024-03-11,Mumbai,25.9,0.0,6.8,30.41,2.2562327466148018
2024-03-12,Mumbai,32.9,0.0,6.9,30.446666666666665,2.2329404355034126
2024-03-13,Mumbai,29.4,0.0,10.8,30.54666666666667,2.223810543489207
2024-03-14,Mumbai,30.8,0.0,8.2,30.55666666666667,2.2219412657642814
2024-03-15,Mumbai,33.3,0.0,11.8,30.7,2.0498948669426147
2024-03-16,Mumbai,31.7,0.0,7.4,30.553333333333335,2.088512642401691
2024-03-17,Mumbai,29.5,0.0,6.4,30.73,2.0716726542114077
2024-03-18,Mumbai,31.6,0.0,10.9,30.83,2.072671106867134
2024-03-19,Mumbai,29.0,0.0,11.1,30.889999999999997,2.055832745109029
2024-03-20,Mumbai,30.5,0.0,6.2,31.013333333333332,2.256902566661389
2024-03-21,Mumbai,29.5,0.0,6.6,31.089999999999996,2.2603554801296624
2024-03-22,Mumbai,28.4,0.0,16.6,31.006666666666664,2.382831311165717
2024-03-23,Mumbai,29.8,0.0,9.4,31.07,2.469559502812497
2024-03-24,Mumbai,36.4,3.5,6.4,31.14,2.4971155774006593
2024-03-25,Mumbai,31.5,0.0,12.5,31.3,2.6187651736043933
2024-03-26,Mumbai,29.6,0.0,11.0,31.253333333333334,2.5905309445581093
2024-03-27,Mumbai,31.8,0.0,6.6,31.386666666666667,2.4015416504510325
2024-03-28,Mumbai,30.3,0.0,6.8,31.296666666666667,2.3934513146088405
2024-03-29,Mumbai,30.3,0.0,10.5,31.39,2.3714319840916604
2024-03-30,Mumbai,27.9,0.0,7.6,31.316666666666666,2.4237450835196235
2024-03-31,Mumbai,33.1,0.3,11.7,31.220000000000002,2.399626407704376
2024-04-01,Mumbai,32.3,0.0,7.3,31.27,2.4254612074749833
2024-04-02,Mumbai,31.2,0.0,8.6,31.216666666666665,2.4826408816272485
2024-04-03,Mumbai,36.2,0.0,10.1,31.27333333333333,2.5109324182852655
2024-04-04,Mumbai,32.3,0.0,8.5,31.3,2.490118401838134
2024-04-05,Mumbai,26.5,0.0,11.6,31.319999999999997,2.485877351539501
2024-04-06,Mumbai,35.2,0.0,7.7,31.52333333333333,2.5795860845912078
2024-04-07,Mumbai,33.1,0.0,5.4,31.65,2.513377998932464
2024-04-08,Mumbai,35.5,0.0,5.7,31.813333333333336,2.5479854562100623
2024-04-09,Mumbai,32.1,0.0,5.8,31.713333333333335,2.417284502870238
2024-04-10,Mumbai,29.9,0.0,5.6,31.7,2.419603843322541
2024-04-11,Mumbai,30.2,0.0,7.9,31.87666666666667,2.454226942452145
2024-04-12,Mumbai,32.2,1.6,8.1,31.91,2.459934117424591
2024-04-13,Mumbai,28.6,0.0,9.2,31.95,2.442546720691164
2024-04-14,Mumbai,30.4,0.0,9.1,31.97666666666667,2.4282366716063475
2024-04-15,Mumbai,33.2,0.0,12.4,32.12,2.3029815756821814
2024-04-16,Mumbai,27.9,5.6,17.2,32.163333333333334,2.3340778779274776
2024-04-17,Mumbai,33.3,0.0,5.9,32.2,2.3449137915189384
2024-04-18,Mumbai,29.8,0.0,8.8,32.24666666666667,2.3382476983525784
2024-04-19,Mumbai,31.1,0.0,6.6,32.02,2.270409350907937
2024-04-20,Mumbai,35.6,0.0,7.0,31.963333333333335,2.284352067396055
2024-04-21,Mumbai,32.2,0.0,8.8,32.14666666666667,2.038209717025032
2024-04-22,Mumbai,34.7,0.0,16.4,31.983333333333334,1.9806100302569822
2024-04-23,Mumbai,33.4,0.0,6.2,31.94,1.9695264615534265
2024-04-24,Mumbai,31.1,0.0,17.1,31.790000000000003,1.857204053557998
2024-04-25,Mumbai,34.9,0.0,8.5,31.80333333333333,1.860938460568625
2024-04-26,Mumbai,32.8,0.0,7.3,31.90666666666667,1.8375270738487024
2024-04-27,Mumbai,31.5,0.0,6.7,31.92,1.8261321476525714
2024-04-28,Mumbai,31.1,2.9,10.0,31.970000000000002,1.8543797178387098
2024-04-29,Mumbai,32.2,0.0,8.4,31.956666666666667,1.880697473945846
2024-04-30,Mumbai,34.4,4.9,7.7,31.933333333333334,1.9048637082812447
2024-05-01,Mumbai,33.4,0.0,7.6,31.886666666666667,1.8898519068661424
2024-05-02,Mumbai,32.6,0.0,8.6,32.00666666666667,1.7360147252939189
2024-05-03,Mumbai,29.4,0.0,6.6,31.990000000000002,1.7255383967391826
2024-05-04,Mumbai,30.6,0.0,11.4,31.99,1.7255383967391826
2024-05-05,Mumbai,32.0,3.4,7.1,31.956666666666667,1.7527679259672087
2024-05-06,Mumbai,30.3,0.0,7.9,31.880000000000003,1.6342033807503002
2024-05-07,Mumbai,31.8,0.0,7.3,31.873333333333335,1.6332606129719762
2024-05-08,Mumbai,31.0,1.1,10.1,31.81,1.5548256360831032
2024-05-09,Mumbai,32.5,0.0,8.2,31.723333333333333,1.5354844980261755
2024-05-10,Mumbai,33.0,0.0,9.1,31.779999999999998,1.5430377562593582
2024-05-11,Mumbai,30.6,0.0,6.1,31.59333333333333,1.4904138127828346
2024-05-12,Mumbai,33.7,1.4,10.4,31.513333333333332,1.4878202833013237
2024-05-13,Mumbai,28.2,0.0,6.3,31.623333333333335,1.6042364890016094
2024-05-14,Mumbai,29.7,0.0,7.4,31.65,1.6018846658730315
2024-05-15,Mumbai,31.8,0.0,12.9,31.616666666666664,1.6004489312720127
2024-05-16,Mumbai,31.5,0.0,5.3,31.45,1.5604486534328932
2024-05-17,Mumbai,32.8,0.0,6.6,31.483333333333334,1.613324546380719
2024-05-18,Mumbai,29.8,0.0,6.8,31.389999999999997,1.6274265701959763
2024-05-19,Mumbai,30.1,0.0,10.2,31.42,1.597498043817434
2024-05-20,Mumbai,33.3,0.8,8.3,31.40333333333333,1.6089155339553494
2024-05-21,Mumbai,32.0,0.0,6.8,31.139999999999997,2.0841933856929016
2024-05-22,Mumbai,32.8,0.0,8.4,31.05666666666667,2.1672616336073194
2024-05-23,Mumbai,30.8,0.0,10.4,30.953333333333333,2.204186194859616
2024-05-24,Mumbai,32.8,0.0,13.7,30.849999999999998,2.2734979884417736
2024-05-25,Mumbai,29.3,0.0,7.4,30.80666666666667,2.253263278513934
2024-05-26,Mumbai,30.4,0.0,5.9,30.64,2.2702878444268326
2024-05-27,Mumbai,34.8,0.0,10.1,30.733333333333334,2.3254711548317544
2024-05-28,Mumbai,31.9,0.0,8.2,30.55,2.300187398662558
2024-05-29,Mumbai,31.2,0.0,8.2,30.533333333333328,2.31953225566233
2024-05-30,Mumbai,29.4,2.8,6.4,30.55,2.3151301445507126
2024-05-31,Mumbai,34.4,0.0,16.1,30.549999999999997,2.3151301445507126
2024-06-01,Mumbai,29.8,13.9,9.7,30.366666666666664,2.451084676618604
2024-06-02,Mumbai,30.3,30.1,6.1,30.316666666666666,2.4147654035171806
2024-06-03,Mumbai,30.1,0.1,10.7,30.333333333333332,2.4128011097897817
2024-06-04,Mumbai,24.1,11.2,6.1,30.316666666666666,2.416192977753977
2024-06-05,Mumbai,27.8,0.9,6.9,30.240000000000002,2.353954852641903
2024-06-06,Mumbai,28.7,19.1,12.2,30.163333333333338,2.332008655176175
2024-06-07,Mumbai,27.9,0.3,8.9,30.09333333333333,2.2810967315857242
2024-06-08,Mumbai,31.2,0.5,16.2,30.02,2.292927657249528
2024-06-09,Mumbai,28.0,26.9,6.8,29.956666666666663,2.2391013180837027
2024-06-10,Mumbai,33.4,17.1,6.2,29.913333333333334,2.264681348268647
2024-06-11,Mumbai,28.2,2.8,6.8,29.953333333333333,2.284087886064121
2024-06-12,Mumbai,27.7,19.4,8.6,29.83,2.106336908572389
2024-06-13,Mumbai,30.2,0.0,5.6,29.806666666666665,2.086398205344527
2024-06-14,Mumbai,31.8,26.0,12.6,29.736666666666668,2.073225595012899
2024-06-15,Mumbai,26.0,26.5,6.0,29.743333333333332,2.072427085083816
2024-06-16,Mumbai,31.3,4.0,6.4,29.493333333333332,1.9394157195747963
2024-06-17,Mumbai,30.3,1.4,10.4,29.466666666666665,1.9405533041989012
2024-06-18,Mumbai,29.6,13.0,10.8,29.433333333333334,1.93432396340499
2024-06-19,Mumbai,31.0,9.4,7.7,29.29666666666667,2.0281609358257753
2024-06-20,Mumbai,29.7,11.8,11.6,29.403333333333332,1.8187686879398313
2024-06-21,Mumbai,30.7,0.0,10.3,29.31,1.9694826906997698
2024-06-22,Mumbai,28.6,6.8,17.8,29.346666666666668,1.9679734602454306
2024-06-23,Mumbai,30.9,54.8,7.4,29.393333333333334,1.9489932561823213
2024-06-24,Mumbai,28.0,0.0,10.8,29.206666666666667,2.036212395488426
2024-06-25,Mumbai,31.6,9.0,7.0,29.15666666666667,2.084703457508432
2024-06-26,Mumbai,31.1,8.0,9.4,28.986666666666668,1.9288612565778067
2024-06-27,Mumbai,31.2,7.9,10.7,28.833333333333332,2.1622678601068475
2024-06-28,Mumbai,29.1,13.4,12.2,28.69666666666667,2.357158332038668
2024-06-29,Mumbai,29.6,0.0,8.6,28.709999999999997,2.3670656940609964
2024-06-30,Mumbai,26.9,30.7,7.3,28.62,2.29578324099982
2024-07-01,Mumbai,29.0,3.5,9.6,28.643333333333334,2.271667067236808
2024-07-02,Mumbai,29.3,8.5,5.2,28.513333333333332,2.2255155672855547
2024-07-03,Mumbai,26.0,31.2,6.1,28.45,2.1998040665102288
2024-07-04,Mumbai,27.3,0.0,8.8,28.353333333333335,2.2112148842589376
2024-07-05,Mumbai,25.0,21.5,6.5,28.279999999999998,2.1562099571495335
2024-07-06,Mumbai,29.8,14.1,6.1,28.20333333333333,2.1448387662791295
2024-07-07,Mumbai,29.3,2.5,17.2,27.986666666666668,2.211214884258934
2024-07-08,Mumbai,25.6,8.5,19.4,27.94,2.212597163266957
2024-07-09,Mumbai,26.5,0.0,8.9,27.87,2.1479982662294135
2024-07-10,Mumbai,28.3,18.1,14.9,27.93,2.1767026629190886
2024-07-11,Mumbai,23.6,33.1,7.5,27.853333333333335,2.081400942888683
2024-07-12,Mumbai,23.6,0.0,9.5,27.696666666666665,2.0040447605528358
2024-07-13,Mumbai,30.6,5.4,15.8,27.563333333333336,1.892905690736706
2024-07-14,Mumbai,29.1,0.0,7.4,27.46333333333333,1.888163372047197
2024-07-15,Mumbai,26.7,0.0,8.3,27.353333333333335,1.855231806937255
2024-07-16,Mumbai,27.4,3.5,7.5,27.336666666666666,1.8616795037581124
2024-07-17,Mumbai,28.4,29.4,14.5,27.17666666666667,1.919174271674637
2024-07-18,Mumbai,26.7,20.2,10.5,27.029999999999998,1.9194377768791417
2024-07-19,Mumbai,28.8,4.5,12.8,26.85333333333333,2.235409911238822
2024-07-20,Mumbai,27.4,18.2,6.2,26.756666666666668,2.27773077234004
2024-07-21,Mumbai,24.2,0.0,5.6,26.759999999999998,2.2751430421117154
2024-07-22,Mumbai,27.2,4.7,7.3,26.62,2.20991496169681
2024-07-23,Mumbai,28.8,45.8,7.5,26.356666666666666,2.346043379869659
2024-07-24,Mumbai,29.8,0.0,15.8,26.369999999999997,2.3427290304995148
2024-07-25,Mumbai,29.3,22.4,6.4,26.333333333333332,2.3492233982133355
2024-07-26,Mumbai,26.4,26.8,9.3,26.08,2.5324650659673833
2024-07-27,Mumbai,27.2,12.1,9.2,26.063333333333333,2.5509272598523514
2024-07-28,Mumbai,26.1,0.0,10.6,26.169999999999998,2.5109621730490326
2024-07-29,Mumbai,26.3,0.7,7.2,25.92666666666667,2.4188816642712134
2024-07-30,Mumbai,26.4,0.0,6.1,25.723333333333336,2.399235989504507
2024-07-31,Mumbai,24.2,19.0,9.3,25.743333333333332,2.4101342548574176
2024-08-01,Mumbai,24.9,0.0,6.4,25.62,2.417094294310121
2024-08-02,Mumbai,20.7,0.0,8.3,25.470000000000002,2.3779373849823884
2024-08-03,Mumbai,24.4,13.8,6.9,25.37,2.387488942021761
2024-08-04,Mumbai,25.1,7.6,7.7,25.253333333333334,2.2979351050729773
2024-08-05,Mumbai,25.6,8.4,13.9,25.123333333333335,2.282570138414573
2024-08-06,Mumbai,21.4,0.0,7.9,25.176666666666666,2.278941577277486
2024-08-07,Mumbai,26.0,11.8,11.9,25.13,2.250233704337895
2024-08-08,Mumbai,25.4,21.3,7.8,24.996666666666666,2.1411378433833077
2024-08-09,Mumbai,20.7,33.1,9.5,24.79666666666667,1.9485597392616836
2024-08-10,Mumbai,23.1,4.1,8.9,24.57,1.7961932927243294
2024-08-11,Mumbai,26.8,7.4,16.9,24.459999999999997,1.781243269799825
2024-08-12,Mumbai,23.3,5.5,9.3,24.363333333333333,1.704453261178053
2024-08-13,Mumbai,23.0,0.3,14.1,24.290000000000003,1.674216234540887
2024-08-14,Mumbai,27.3,10.7,8.5,24.243333333333332,1.6353178185956254
2024-08-15,Mumbai,23.7,4.6,8.3,24.253333333333334,1.6498136432553612
2024-08-16,Mumbai,23.9,16.3,7.1,24.263333333333332,1.6503883207280843
2024-08-17,Mumbai,23.7,7.1,7.0,24.27333333333333,1.6552806478022906
2024-08-18,Mumbai,25.3,0.0,8.1,24.280000000000005,1.6407315441595753
2024-08-19,Mumbai,23.5,0.0,6.2,24.236666666666665,1.6545617887053783
2024-08-20,Mumbai,25.8,26.9,6.5,24.09,1.7666157008480972
2024-08-21,Mumbai,25.8,6.0,6.0,23.983333333333334,1.7689044599711985
2024-08-22,Mumbai,24.8,13.7,6.7,23.913333333333338,1.9105394315586566
2024-08-23,Mumbai,23.8,0.0,9.2,23.78666666666667,1.893315525252238
2024-08-24,Mumbai,22.5,3.6,8.9,23.669999999999998,1.8983023268536978
2024-08-25,Mumbai,23.1,2.0,12.2,23.76,1.8148050146998016
2024-08-26,Mumbai,24.3,2.1,6.1,23.726666666666667,1.8364007776333
2024-08-27,Mumbai,23.9,0.0,9.8,23.540000000000003,1.7974311170918014
2024-08-28,Mumbai,24.9,1.0,10.2,23.48,1.8353614696124994
2024-08-29,Mumbai,26.7,41.4,5.8,23.506666666666664,1.8339580962635973
2024-08-30,Mumbai,24.5,5.3,6.3,23.26,1.8035596985426088
2024-08-31,Mumbai,25.2,0.0,9.3,23.226666666666667,1.8043880103664596
2024-09-01,Mumbai,20.9,0.0,8.2,23.086666666666666,1.9101784233928523
2024-09-02,Mumbai,23.1,31.5,5.9,23.136666666666663,1.9460806471104106
2024-09-03,Mumbai,20.7,13.3,8.5,23.033333333333335,1.909203360374312
2024-09-04,Mumbai,22.4,8.9,10.6,23.006666666666668,1.908047084891019
2024-09-05,Mumbai,19.3,10.5,17.2,22.82,1.8992557526023948
2024-09-06,Mumbai,22.2,24.8,6.6,22.743333333333332,1.8195648083962837
2024-09-07,Mumbai,21.9,2.4,11.6,22.64,1.7864625033462762
2024-09-08,Mumbai,23.4,0.0,9.3,22.66,1.8031772724450152
2024-09-09,Mumbai,22.1,4.7,8.2,22.676666666666666,1.803957972851992
2024-09-10,Mumbai,21.2,0.0,12.6,22.523333333333333,1.9558371227111113
2024-09-11,Mumbai,21.5,2.2,11.4,22.416666666666668,1.9428176007760525
2024-09-12,Mumbai,23.8,6.8,7.9,22.31,1.9464113751669925
2024-09-13,Mumbai,19.9,13.3,7.2,22.276666666666664,1.9087246750271822
2024-09-14,Mumbai,22.7,8.8,16.6,22.119999999999997,1.7163312918689144
2024-09-15,Mumbai,19.7,34.3,12.2,22.05,1.6577404646916232
2024-09-16,Mumbai,25.2,14.1,6.4,21.96333333333333,1.5519694569811708
2024-09-17,Mumbai,22.2,7.9,8.3,22.006666666666664,1.5393534991685416
2024-09-18,Mumbai,22.7,14.3,6.2,22.013333333333332,1.5446756903977876
2024-09-19,Mumbai,20.2,47.0,6.7,22.203333333333333,1.7183559370622046
2024-09-20,Mumbai,23.5,11.6,10.1,22.296666666666667,1.803346187304179
2024-09-21,Mumbai,21.7,6.9,9.7,22.319999999999997,1.7674060478371083
2024-09-22,Mumbai,24.4,16.3,6.2,22.39333333333333,1.807443104142645
2024-09-23,Mumbai,23.0,6.9,6.4,22.456666666666667,1.822783648677269
2024-09-24,Mumbai,18.5,0.0,7.8,22.426666666666666,1.814108184686703
2024-09-25,Mumbai,21.1,0.0,7.3,22.353333333333335,1.8713324283706032
2024-09-26,Mumbai,20.7,6.4,6.1,22.306666666666665,1.9179610821504773
2024-09-27,Mumbai,23.9,0.0,10.0,22.316666666666666,1.914388951459817
2024-09-28,Mumbai,22.0,64.4,13.4,22.346666666666668,1.9452388087298331
2024-09-29,Mumbai,22.4,0.0,7.5,22.413333333333334,1.8920401930070567
2024-09-30,Mumbai,22.6,0.0,12.2,22.42,1.893436940665313
2024-10-01,Mumbai,22.2,0.0,6.9,22.426666666666666,1.8838576220696839
2024-10-02,Mumbai,23.3,2.5,6.8,22.393333333333334,1.8414636856987658
2024-10-03,Mumbai,26.4,4.0,6.3,22.406666666666663,1.841463685698766
2024-10-04,Mumbai,25.2,0.0,9.8,22.42,1.8451053609763337
2024-10-05,Mumbai,20.0,0.0,5.5,22.476666666666667,1.8001309020090672
2024-10-06,Mumbai,24.4,0.0,12.9,22.5,1.8182978019433143
2024-10-07,Mumbai,23.8,0.0,11.1,22.466666666666665,1.8424745978380062
2024-10-08,Mumbai,22.5,0.3,7.7,22.5,1.8871617075240241
2024-10-09,Mumbai,19.9,0.0,8.7,22.513333333333332,1.892222435953712
2024-10-10,Mumbai,19.8,0.0,9.6,22.606666666666666,1.7512425802020724
2024-10-11,Mumbai,21.8,0.0,8.8,22.596666666666668,1.7609721714172302
2024-10-12,Mumbai,24.7,0.0,6.5,22.57,1.7963852593472722
2024-10-13,Mumbai,21.9,0.0,9.3,22.503333333333334,1.7823818495124515
2024-10-14,Mumbai,22.9,0.0,9.6,22.5,1.7834488092380383
2024-10-15,Mumbai,19.9,0.0,6.6,22.423333333333332,1.8365416024341579
2024-10-16,Mumbai,24.2,0.0,7.4,22.380000000000003,1.847533304258677
2024-10-17,Mumbai,22.6,0.0,8.1,22.383333333333333,1.8472875424167117
2024-10-18,Mumbai,23.1,0.0,16.5,22.383333333333333,1.8472875424167117
2024-10-19,Mumbai,21.9,0.0,8.9,22.23,1.6862834056403697
2024-10-20,Mumbai,24.2,0.0,8.4,22.083333333333332,1.6086154537865995
2024-10-21,Mumbai,20.7,0.0,8.6,22.279999999999998,1.703019630558943
2024-10-22,Mumbai,25.4,4.5,6.9,22.093333333333337,1.7682902970702494
2024-10-23,Mumbai,23.4,0.0,7.7,22.02333333333333,1.7397350835456777
2024-10-24,Mumbai,21.3,0.0,7.4,22.013333333333332,1.7377618052984616
2024-10-25,Mumbai,20.8,0.0,6.7,22.13,1.708225536268197
2024-10-26,Mumbai,19.9,0.0,9.7,22.280000000000005,1.6940870799586756
2024-10-27,Mumbai,21.9,0.0,8.9,22.383333333333333,1.7571692229723002
2024-10-28,Mumbai,21.9,0.0,8.5,22.216666666666665,1.7669539996224464
2024-10-29,Mumbai,20.1,0.0,6.9,22.276666666666664,1.786285557225993
2024-10-30,Mumbai,21.3,0.0,8.7,22.236666666666668,1.7852814582181777
2024-10-31,Mumbai,22.3,0.0,10.1,22.35,1.7391535793063098
2024-11-01,Mumbai,23.3,0.0,16.1,22.293333333333333,1.7041396521480103
2024-11-02,Mumbai,21.8,0.0,11.8,22.37666666666667,1.7791286773516042
2024-11-03,Mumbai,20.8,0.0,9.8,22.33,1.7778619472412447
2024-11-04,Mumbai,25.9,0.0,6.9,22.34,1.7762028464463997
2024-11-05,Mumbai,18.8,0.0,6.8,22.279999999999998,1.7412639087743573
2024-11-06,Mumbai,21.7,0.0,6.4,22.233333333333334,1.802743758128541
2024-11-07,Mumbai,22.2,0.0,11.5,22.003333333333334,1.8248256096809004
2024-11-08,Mumbai,23.4,0.0,12.1,21.876666666666665,1.8561516238106337
2024-11-09,Mumbai,24.3,0.0,5.5,21.87,1.8586517174814357
2024-11-10,Mumbai,24.9,0.0,6.1,21.94333333333333,1.8583795932596276
2024-11-11,Mumbai,19.7,0.0,6.3,22.026666666666664,1.8192331338787897
2024-11-12,Mumbai,23.7,0.0,6.8,22.143333333333334,1.9202520189006707
2024-11-13,Mumbai,21.7,0.0,5.3,22.163333333333338,1.9207547606539626
2024-11-14,Mumbai,23.3,0.5,9.8,22.253333333333334,1.883637957258013
2024-11-15,Mumbai,22.5,0.0,9.1,22.413333333333334,2.0001264327853363
2024-11-16,Mumbai,25.1,0.0,7.6,22.38,2.010386821587813
2024-11-17,Mumbai,21.7,0.0,8.3,22.503333333333334,2.175487790459175
2024-11-18,Mumbai,22.2,0.0,9.0,22.59333333333333,2.201086461090424
2024-11-19,Mumbai,22.4,2.8,20.5,22.810000000000002,2.334353635709872
2024-11-20,Mumbai,19.3,0.0,5.8,22.82,2.3486459782254667
2024-11-21,Mumbai,18.5,0.0,7.4,23.003333333333334,2.2359883000948604
2024-11-22,Mumbai,19.6,0.3,20.0,23.123333333333335,2.260101208190588
2024-11-23,Mumbai,21.1,4.2,5.2,23.246666666666666,2.3084153892217047
2024-11-24,Mumbai,23.0,0.0,14.8,23.236666666666668,2.3083780442991766
2024-11-25,Mumbai,22.4,0.0,11.4,23.286666666666665,2.3481075774764864
2024-11-26,Mumbai,25.4,0.0,5.7,23.246666666666666,2.3298265931230118
2024-11-27,Mumbai,22.5,0.0,7.7,23.290000000000003,2.272982242751197
2024-11-28,Mumbai,22.8,0.0,7.1,23.30666666666667,2.277920003035681
2024-11-29,Mumbai,26.1,0.0,9.4,23.41,2.272830530569724
2024-11-30,Mumbai,21.3,6.2,6.9,23.436666666666667,2.276186061925946
2024-12-01,Mumbai,27.0,0.0,12.9,23.453333333333333,2.270915557933533
2024-12-02,Mumbai,24.5,0.0,7.6,23.529999999999998,2.3652877640779266
2024-12-03,Mumbai,27.3,0.0,9.3,23.660000000000004,2.368412825152119
2024-12-04,Mumbai,26.2,4.5,8.8,23.65,2.3754128497793316
2024-12-05,Mumbai,24.3,0.0,5.6,23.723333333333336,2.3694438942115323
2024-12-06,Mumbai,25.3,1.2,8.6,23.919999999999998,2.230416692165365
2024-12-07,Mumbai,25.9,0.0,7.4,24.033333333333335,2.0221759078525023
2024-12-08,Mumbai,23.1,0.0,11.7,24.34666666666667,2.039731783133925
2024-12-09,Mumbai,25.8,0.0,6.3,24.47666666666667,1.9478871547952583
2024-12-10,Mumbai,23.7,0.3,9.9,24.576666666666668,1.9464704278352298
2024-12-11,Mumbai,21.0,0.1,12.2,24.713333333333335,1.9322549509323526
2024-12-12,Mumbai,24.2,0.0,6.7,24.5,2.189945677172334
2024-12-13,Mumbai,24.8,0.0,8.9,24.64333333333333,2.1952430284647924
2024-12-14,Mumbai,24.1,1.4,12.0,24.740000000000002,2.175030717183081
2024-12-15,Mumbai,23.0,0.0,11.1,24.653333333333332,2.1707671190290676
2024-12-16,Mumbai,27.4,0.0,9.5,24.67,2.145910304389036
2024-12-17,Mumbai,25.6,0.0,7.3,24.589655172413792,2.1374792944004013
2024-12-18,Mumbai,21.9,0.0,8.8,24.592857142857145,2.1766315415625974
2024-12-19,Mumbai,24.6,1.0,7.4,24.49259259259259,2.1511939307360537
2024-12-20,Mumbai,25.2,0.0,12.3,24.426923076923078,2.1660208110372503
2024-12-21,Mumbai,21.9,0.0,11.3,24.432,2.210527840433967
2024-12-22,Mumbai,29.0,0.0,8.8,24.395833333333332,2.2505031643510214
2024-12-23,Mumbai,25.0,0.0,7.2,24.330434782608698,2.2776452718081606
2024-12-24,Mumbai,26.0,0.0,7.5,24.386363636363637,2.3150224630291114
2024-12-25,Mumbai,26.5,0.0,8.1,24.31904761904762,2.3500253291442257
2024-12-26,Mumbai,19.0,0.0,7.7,24.35,2.4066793021003647
2024-12-27,Mumbai,26.8,0.0,12.9,24.526315789473685,2.336151180720489
2024-12-28,Mumbai,25.7,0.0,7.3,24.544444444444444,2.402504140223556
2024-12-29,Mumbai,23.5,3.0,10.8,24.529411764705884,2.47557182936659
2024-12-30,Mumbai,21.8,0.0,7.2,24.55625,2.5542040508412547
2023-01-01,Delhi,24.5,0.0,7.8,24.466666666666665,2.0433399362901157
2023-01-02,Delhi,23.0,0.0,9.2,24.49375,1.9770242790618426
2023-01-03,Delhi,25.0,0.0,6.3,24.805882352941175,2.3066400315814595
2023-01-04,Delhi,24.8,0.0,7.6,24.85,2.2455839015328567
2023-01-05,Delhi,27.1,0.0,11.4,24.721052631578946,2.2535352343887545
2023-01-06,Delhi,26.9,0.0,10.8,24.744999999999997,2.196043092281637
2023-01-07,Delhi,24.6,0.0,7.3,24.785714285714285,2.1485543312389646
2023-01-08,Delhi,19.7,0.0,9.3,24.88181818181818,2.1446803210860304
2023-01-09,Delhi,25.1,0.0,19.6,24.956521739130434,2.1257781648902383
2023-01-10,Delhi,23.0,0.0,7.1,24.916666666666668,2.0882001125718115
2023-01-11,Delhi,27.7,0.0,20.1,24.896,2.0468430977157643
2023-01-12,Delhi,25.3,0.0,6.1,24.903846153846153,2.005887488216778
2023-01-13,Delhi,24.8,2.0,9.3,24.933333333333334,1.9728932288159164
2023-01-14,Delhi,23.3,0.8,5.8,24.935714285714287,1.9360544616066144
2023-01-15,Delhi,22.2,3.3,6.5,25.044827586206896,1.9899006089494864
2023-01-16,Delhi,24.9,0.0,7.1,25.05666666666667,1.9563659719213973
2023-01-17,Delhi,29.8,0.0,15.7,25.096666666666668,1.9568594355688178
2023-01-18,Delhi,25.6,0.0,5.7,25.543333333333333,2.8066034612153077
2023-01-19,Delhi,22.4,0.0,8.1,25.75,2.9876469809464807
2023-01-20,Delhi,25.2,0.0,10.4,25.963333333333335,3.1419830475774955
2023-01-21,Delhi,25.6,0.7,10.0,26.206666666666667,3.495803724204338
2023-01-22,Delhi,26.9,0.0,7.8,26.386666666666667,3.667540125849019
2023-01-23,Delhi,26.6,0.0,8.3,26.59,3.733570907875988
2023-01-24,Delhi,24.0,2.4,12.3,27.18,3.9964984674086885
2023-01-25,Delhi,24.4,0.0,9.2,27.496666666666666,4.19732947392073
2023-01-26,Delhi,25.1,0.0,7.3,27.819999999999997,4.212575590235536
2023-01-27,Delhi,25.7,0.0,10.6,27.946666666666665,4.265639244113306
2023-01-28,Delhi,25.0,0.0,8.5,28.243333333333332,4.383093171166503
2023-01-29,Delhi,28.1,0.0,8.6,28.506666666666668,4.4063381726728625
2023-01-30,Delhi,25.4,0.0,5.3,28.76,4.314178708750309
2023-01-31,Delhi,25.7,0.0,6.4,29.09333333333333,4.173887077213918
2023-02-01,Delhi,36.4,0.0,8.4,29.17,4.114914001699102
2023-02-02,Delhi,31.2,0.0,5.3,29.183333333333334,4.117672872516402
2023-02-03,Delhi,31.2,0.0,6.2,29.530000000000005,4.2415148562585605
2023-02-04,Delhi,34.4,0.0,5.9,29.939999999999998,4.121315491358355
2023-02-05,Delhi,32.3,0.6,9.8,30.220000000000002,4.0732432219089985
2023-02-06,Delhi,30.7,0.0,8.2,30.46333333333333,4.005210686552978
2023-02-07,Delhi,37.4,0.0,8.8,30.55,3.9532396143259367
2023-02-08,Delhi,34.6,0.0,7.7,30.81,3.9409739737873157
2023-02-09,Delhi,32.7,0.0,8.8,31.123333333333335,3.7499134089619552
2023-02-10,Delhi,31.5,0.8,12.9,31.38,3.530985991046346
2023-02-11,Delhi,34.2,0.0,8.8,31.686666666666667,3.3622378973179385
2023-02-12,Delhi,32.7,0.0,20.1,31.98,3.201982144730425
2023-02-13,Delhi,30.9,0.0,6.2,32.32333333333333,2.9716689068525226
2023-02-14,Delhi,32.2,0.0,6.9,32.50666666666667,2.8700514633537315
2023-02-15,Delhi,27.2,0.0,6.1,33.013333333333335,2.913551374044304
2023-02-16,Delhi,30.2,0.0,7.2,33.413333333333334,2.6900497794821585
2023-02-17,Delhi,36.0,0.8,6.8,33.483333333333334,2.795696610905758
2023-02-18,Delhi,34.7,0.0,7.5,33.67333333333333,2.828662817186487
2023-02-19,Delhi,33.6,0.0,7.3,33.95666666666666,2.9932894295733363
2023-02-20,Delhi,32.9,0.0,5.7,34.093333333333334,3.105715902069584
2023-02-21,Delhi,29.5,0.0,5.6,34.233333333333334,3.116732742553622
2023-02-22,Delhi,34.4,0.0,6.0,34.413333333333334,3.0610718579511182
2023-02-23,Delhi,33.4,5.8,7.8,34.36666666666667,3.0244216698042767
2023-02-24,Delhi,32.1,0.0,7.3,34.54,3.1831019353823033
2023-02-25,Delhi,34.3,2.9,9.2,34.64666666666667,3.172917001569795
2023-02-26,Delhi,34.5,1.3,7.8,34.74,3.1178684142015918
2023-02-27,Delhi,35.3,0.0,7.1,34.89333333333333,3.2023626335538102
2023-02-28,Delhi,33.6,0.0,12.0,35.14666666666666,3.3212724330763246
2023-03-01,Delhi,40.6,0.0,6.2,35.46333333333333,3.355128173031747
2023-03-02,Delhi,37.7,0.0,8.7,35.65666666666666,3.3275944851305645
2023-03-03,Delhi,38.5,0.8,14.3,36.14333333333334,3.1085736093999046
2023-03-04,Delhi,36.9,0.0,9.4,36.32666666666667,2.9012403213623874
2023-03-05,Delhi,39.7,0.0,10.3,36.483333333333334,3.007930131861609
2023-03-06,Delhi,38.5,0.0,7.8,36.66,3.054854813413324
2023-03-07,Delhi,36.5,0.0,8.3,36.82666666666667,3.018327160957669
2023-03-08,Delhi,36.1,0.0,8.2,36.980000000000004,2.9274444545512437
2023-03-09,Delhi,36.0,0.0,7.7,37.29666666666667,2.584100368144346
2023-03-10,Delhi,39.8,0.0,10.3,37.45,2.5424329916915105
2023-03-11,Delhi,35.9,0.0,7.1,37.64,2.440265672365245
2023-03-12,Delhi,34.3,0.0,6.5,37.75666666666666,2.2418716523804805
2023-03-13,Delhi,38.8,0.4,6.9,37.86,2.146464615321586
2023-03-14,Delhi,40.3,0.0,8.2,37.916666666666664,2.0759847407142034
2023-03-15,Delhi,40.4,3.3,11.8,38.04666666666667,2.0280334169411356
2023-03-16,Delhi,38.0,6.7,11.3,38.19666666666667,1.846055129249919
2023-03-17,Delhi,41.8,0.0,11.1,38.10666666666667,1.7898051008002596
2023-03-18,Delhi,35.7,0.0,8.2,38.169999999999995,1.8084380763139551
2023-03-19,Delhi,40.7,0.0,7.9,38.26,1.8907396837545312
2023-03-20,Delhi,40.0,0.0,11.6,38.43333333333333,1.9971243694688816
2023-03-21,Delhi,38.6,0.1,7.9,38.556666666666665,2.18358821009466
2023-03-22,Delhi,37.5,0.0,8.6,38.559999999999995,2.183575050232997
2023-03-23,Delhi,39.0,0.0,6.0,38.79666666666667,2.332304370823188
2023-03-24,Delhi,39.0,0.5,6.8,38.88666666666667,2.276072438901377
2023-03-25,Delhi,39.1,0.0,14.6,39.019999999999996,2.217547573645114
2023-03-26,Delhi,35.6,0.0,10.5,38.97,2.2162643313032224
2023-03-27,Delhi,37.4,0.0,7.1,39.076666666666675,2.139075426010251
2023-03-28,Delhi,36.2,0.0,8.6,39.436666666666675,2.214915478006473
2023-03-29,Delhi,39.2,0.0,6.1,39.529999999999994,2.2459388636626634
2023-03-30,Delhi,38.1,0.0,9.8,39.623333333333335,2.335436654635719
2023-03-31,Delhi,37.9,0.0,7.1,39.58333333333334,2.331949507546661
2023-04-01,Delhi,39.6,0.0,7.2,39.67333333333333,2.3208104014632935
2023-04-02,Delhi,41.2,0.0,12.5,39.57666666666667,2.2893581894365544
2023-04-03,Delhi,42.1,0.0,10.4,39.723333333333336,2.170282570722437
2023-04-04,Delhi,43.4,0.0,9.0,39.70333333333334,2.163726563981258
2023-04-05,Delhi,38.6,0.0,10.2,39.69666666666667,2.163089000246751
2023-04-06,Delhi,43.6,2.1,7.5,39.8,2.1828485028070257
2023-04-07,Delhi,38.8,5.0,11.0,39.9,2.142187087357533
2023-04-08,Delhi,40.0,0.0,9.0,40.01,2.178792769180779
2023-04-09,Delhi,38.3,0.0,14.8,40.126666666666665,2.2162306199760664
2023-04-10,Delhi,39.1,11.2,6.6,40.223333333333336,2.2330871368846075
2023-04-11,Delhi,45.1,0.0,14.1,40.44333333333334,2.0818896147048798
2023-04-12,Delhi,41.6,0.0,6.6,40.653333333333336,2.0820635210643923
2023-04-13,Delhi,43.1,0.0,8.7,40.769999999999996,1.9153013628003162
2023-04-14,Delhi,39.2,0.0,11.2,40.88666666666666,1.9229527104005173
2023-04-15,Delhi,40.7,0.0,13.9,40.9,1.9042601966516124
2023-04-16,Delhi,38.9,0.6,6.2,41.04333333333333,1.831088489798122
2023-04-17,Delhi,40.1,0.0,8.8,40.96333333333334,1.9451944913543506
2023-04-18,Delhi,40.1,1.2,6.9,40.96333333333334,1.9451944913543506
2023-04-19,Delhi,39.8,0.0,9.2,40.82000000000001,2.015697021568107
2023-04-20,Delhi,41.7,0.0,6.9,40.65,2.0056386032624323
2023-04-21,Delhi,40.5,1.1,6.3,40.510000000000005,2.2813108754277143
2023-04-22,Delhi,42.3,1.2,8.1,40.23,2.401314295303207
2023-04-23,Delhi,42.5,0.0,8.1,40.19666666666667,2.428634259788008
2023-04-24,Delhi,42.0,0.0,11.8,40.05,2.569684000430583
2023-04-25,Delhi,42.2,0.2,7.1,40.17666666666666,2.5740995524157726
2023-04-26,Delhi,43.7,0.0,8.3,40.16,2.582914686136966
2023-04-27,Delhi,39.7,0.0,8.5,39.78,2.6682552739377323
2023-04-28,Delhi,42.7,0.0,14.5,39.726666666666674,2.646524504708574
2023-04-29,Delhi,38.5,0.0,6.0,39.59,2.5711060279374967
2023-04-30,Delhi,42.2,0.0,7.1,39.529999999999994,2.601345805539891
2023-05-01,Delhi,37.2,0.0,6.9,39.39666666666667,2.6415099304457796
2023-05-02,Delhi,41.2,0.0,11.2,39.28,2.7396702545102523
2023-05-03,Delhi,37.8,0.0,8.4,39.220000000000006,2.7408028021001436
2023-05-04,Delhi,38.3,0.0,6.3,39.096666666666664,2.7827651013327386
2023-05-05,Delhi,34.4,0.0,6.8,39.05,2.7823024451974536
2023-05-06,Delhi,35.2,0.0,12.6,39.02333333333333,2.759770521861073
2023-05-07,Delhi,37.8,0.0,7.5,38.89,2.7825007358179796
2023-05-08,Delhi,35.6,0.0,8.7,38.8,2.7111519373849604
2023-05-09,Delhi,42.1,0.0,6.5,38.6,2.6493981099162145
2023-05-10,Delhi,38.6,0.0,7.4,38.35666666666667,2.6615633639329195
2023-05-11,Delhi,33.7,0.0,8.2,38.29333333333333,2.5885601554070465
2023-05-12,Delhi,40.0,0.0,16.4,37.99333333333333,2.4586137576275466
2023-05-13,Delhi,39.0,0.0,10.9,37.96666666666667,2.4437581760453613
2023-05-14,Delhi,37.4,0.2,8.4,37.84,2.2831617520900584
2023-05-15,Delhi,36.7,0.0,7.7,37.84666666666667,2.2854462075962627
2023-05-16,Delhi,35.4,0.0,6.2,37.64333333333333,2.1522535636627262
2023-05-17,Delhi,38.3,0.0,8.3,37.64333333333333,2.1522535636627262
2023-05-18,Delhi,36.4,0.0,9.1,37.28333333333333,2.423033626267505
2023-05-19,Delhi,38.4,0.0,10.2,37.03333333333333,2.7347487224080975
2023-05-20,Delhi,40.9,0.5,7.5,36.72666666666667,3.0816401066845116
2023-05-21,Delhi,36.5,0.7,7.1,36.73,3.079089654987065
2023-05-22,Delhi,39.6,0.0,8.4,36.59333333333334,3.236316907602974
2023-05-23,Delhi,36.5,0.0,11.6,36.273333333333326,3.5702731792837303
2023-05-24,Delhi,34.7,0.0,8.4,36.17333333333333,3.631275384701682
2023-05-25,Delhi,40.3,0.0,6.6,35.77333333333333,3.616812593062223
2023-05-26,Delhi,34.7,0.0,11.0,35.51333333333333,3.6862964624668444
2023-05-27,Delhi,38.9,0.0,8.8,35.55333333333333,3.672425988863264
2023-05-28,Delhi,38.9,0.0,7.6,35.279999999999994,3.635021225570081
2023-05-29,Delhi,38.7,0.0,5.9,35.18,3.5698353096370186
2023-05-30,Delhi,36.1,0.0,7.4,35.05,3.557192810300754
2023-05-31,Delhi,37.2,0.0,9.5,35.05333333333333,3.5588387619184907
2023-06-01,Delhi,30.4,2.5,8.6,34.92333333333333,3.6165027241830194
2023-06-02,Delhi,30.3,0.0,10.4,34.68666666666666,3.620224162742685
2023-06-03,Delhi,29.1,0.0,15.5,34.693333333333335,3.623670584607182
2023-06-04,Delhi,34.5,17.8,10.4,34.66,3.592866495595494
2023-06-05,Delhi,31.1,0.0,13.6,34.44666666666667,3.394085457373498
2023-06-06,Delhi,28.2,0.0,12.0,34.45,3.3962200083074463
2023-06-07,Delhi,32.6,0.0,6.9,34.29666666666667,3.2566624901443038
2023-06-08,Delhi,30.1,20.9,9.9,34.123333333333335,3.273686452381476
2023-06-09,Delhi,30.8,4.7,6.9,34.14333333333333,3.2791591997753833
2023-06-10,Delhi,34.9,5.6,11.7,33.81333333333333,3.133108331368746
2023-06-11,Delhi,31.8,7.6,5.7,33.696666666666665,3.1639655751793256
2023-06-12,Delhi,36.0,4.2,13.3,33.5,3.0089521603788567
2023-06-13,Delhi,33.5,11.8,9.7,33.336666666666666,2.8336017452308004
2023-06-14,Delhi,36.8,0.0,6.7,33.22,2.672645596175997
2023-06-15,Delhi,31.5,4.5,13.6,33.123333333333335,2.616747564457124
2023-06-16,Delhi,31.2,45.8,11.7,32.9,2.5416530054278357
2023-06-17,Delhi,36.6,0.0,6.2,32.75666666666667,2.7960172824355927
2023-06-18,Delhi,37.4,0.0,9.6,32.64666666666667,2.9563179957430807
2023-06-19,Delhi,34.5,11.4,7.7,32.406666666666666,3.4969872090458476
2023-06-20,Delhi,36.6,4.4,11.5,32.013333333333335,3.8944463847482305
2023-06-21,Delhi,35.0,3.4,7.3,31.863333333333333,4.015614637828266
2023-06-22,Delhi,31.3,9.4,7.9,31.813333333333333,4.071747344418857
2023-06-23,Delhi,35.3,24.4,9.5,31.66,4.1273352846266995
2023-06-24,Delhi,30.4,18.9,9.5,31.569999999999997,4.191465055364921
2023-06-25,Delhi,31.2,4.6,11.1,31.313333333333333,4.466946294215181
2023-06-26,Delhi,33.0,8.5,7.1,30.993333333333332,4.544335870701855
2023-06-27,Delhi,34.0,90.7,10.2,30.783333333333328,4.650108143594824
2023-06-28,Delhi,35.2,0.0,10.2,30.423333333333336,4.650375093016434
2023-06-29,Delhi,33.2,0.0,10.2,30.2,4.658399902882202
2023-06-30,Delhi,30.5,0.0,7.4,29.813333333333333,4.57231046501725
2023-07-01,Delhi,26.1,13.5,7.3,29.52333333333333,4.7346618663328295
2023-07-02,Delhi,27.0,0.5,9.0,29.25,4.8693092337408235
2023-07-03,Delhi,21.9,0.0,7.7,28.903333333333332,4.695080575367792
2023-07-04,Delhi,22.7,0.0,7.4,28.34666666666667,4.642660751183022
2023-07-05,Delhi,26.6,0.0,5.5,28.053333333333335,4.516768247574747
2023-07-06,Delhi,26.7,20.3,5.8,27.52,4.416302088617995
2023-07-07,Delhi,28.0,0.0,6.1,27.18,4.208316888553356
2023-07-08,Delhi,27.4,2.9,8.9,27.08,4.142163352812146
2023-07-09,Delhi,23.1,0.0,6.9,26.73,3.857473713232086
2023-07-10,Delhi,25.3,36.2,5.3,26.4,3.9549183696184578
2023-07-11,Delhi,25.5,0.0,6.5,26.2,3.854240834949706
2023-07-12,Delhi,25.2,4.0,12.9,25.96333333333333,3.6339854945656245
2023-07-13,Delhi,26.8,5.6,13.8,25.753333333333334,3.322206717118172
2023-07-14,Delhi,25.2,0.0,12.5,25.383333333333333,2.8129115280023598
2023-07-15,Delhi,22.8,0.0,7.1,25.023333333333333,2.445077156011922
2023-07-16,Delhi,23.0,19.8,9.9,24.81,2.219560378963108
2023-07-17,Delhi,26.2,11.4,10.1,24.84333333333333,2.2469417274236476
2023-07-18,Delhi,20.7,24.6,7.6,24.633333333333333,2.3312470147281603
2023-07-19,Delhi,25.7,0.0,16.4,24.426666666666666,2.8079853292345054
2023-07-20,Delhi,20.6,25.3,12.2,24.19333333333333,3.2174023933789146
2023-07-21,Delhi,24.8,0.0,7.1,23.886666666666667,3.4126269922900447
2023-07-22,Delhi,28.3,2.4,7.2,23.616666666666667,3.5016334447811728
2023-07-23,Delhi,24.8,6.4,9.5,23.396666666666665,3.4231950525520705
2023-07-24,Delhi,20.5,0.0,12.8,23.043333333333337,3.5407658759803153
2023-07-25,Delhi,25.2,0.4,7.2,22.779999999999998,3.819225413434197
2023-07-26,Delhi,25.9,0.0,9.7,22.44666666666667,4.02267138323182
2023-07-27,Delhi,27.7,2.5,9.2,22.166666666666668,4.094515535599459
2023-07-28,Delhi,24.1,0.0,5.8,22.086666666666666,4.056474886616222
2023-07-29,Delhi,22.4,6.0,15.3,21.853333333333335,3.9765461823334665
2023-07-30,Delhi,24.1,13.5,11.2,21.59,4.008727547704526
2023-07-31,Delhi,27.1,0.0,9.2,21.526666666666667,4.003957812080509
2023-08-01,Delhi,20.7,1.1,16.3,21.353333333333335,4.050264642978521
2023-08-02,Delhi,15.7,15.1,6.8,21.133333333333333,3.9560807262548
2023-08-03,Delhi,15.7,0.0,13.2,21.056666666666665,3.986934120118108
2023-08-04,Delhi,17.4,31.0,9.1,20.860000000000003,3.894434578941624
2023-08-05,Delhi,18.6,19.7,9.4,20.740000000000002,3.9576726006321143
2023-08-06,Delhi,21.4,0.0,8.3,20.513333333333335,3.911586090977356
2023-08-07,Delhi,16.8,18.2,7.9,20.096666666666668,3.7143230072652487
2023-08-08,Delhi,15.2,0.0,5.6,20.006666666666668,3.628140336157312
2023-08-09,Delhi,15.3,3.5,7.5,19.853333333333335,3.7030028200176406
2023-08-10,Delhi,17.1,1.3,6.2,19.683333333333334,3.563520472920098
2023-08-11,Delhi,22.8,16.7,9.9,19.383333333333333,3.397066009259391
2023-08-12,Delhi,19.8,26.2,7.1,19.066666666666666,3.016544418682781
2023-08-13,Delhi,17.3,0.0,6.7,18.833333333333332,2.8814906742428166
2023-08-14,Delhi,20.9,12.2,17.2,18.75,2.8100496989103285
2023-08-15,Delhi,17.8,12.1,12.3,18.530000000000005,2.6292977953348946
2023-08-16,Delhi,19.6,38.3,7.9,18.243333333333336,2.0725934666890544
2023-08-17,Delhi,18.4,0.9,9.7,18.089999999999996,2.0546582902410844
2023-08-18,Delhi,19.8,2.6,5.6,17.973333333333336,2.281852443676825
2023-08-19,Delhi,17.0,0.0,19.4,17.816666666666666,2.5845807147902407
2023-08-20,Delhi,18.0,7.8,6.7,17.566666666666666,2.9615156107380156
2023-08-21,Delhi,15.8,0.0,6.9,17.35,3.11700010509684
2023-08-22,Delhi,22.1,17.0,5.8,17.123333333333335,3.0590378624135193
2023-08-23,Delhi,15.9,3.5,12.0,16.866666666666667,3.3920122532853725
2023-08-24,Delhi,20.1,0.0,10.7,16.713333333333335,3.5692878970398794
2023-08-25,Delhi,16.9,24.8,7.3,16.68,3.5875647296817537
2023-08-26,Delhi,18.2,0.0,9.2,16.483333333333334,3.7229098124002045
2023-08-27,Delhi,17.1,7.3,15.5,16.169999999999998,3.565171563314092
2023-08-28,Delhi,19.9,31.7,11.9,15.833333333333334,3.6854170524617857
2023-08-29,Delhi,17.5,6.9,7.7,15.686666666666667,3.712489018521818
2023-08-30,Delhi,18.5,8.1,7.2,15.45,3.5930728372514986
2023-08-31,Delhi,16.1,0.0,9.9,15.306666666666668,3.5818443845878813
2023-09-01,Delhi,12.2,30.2,16.9,15.153333333333334,3.488971129177101
2023-09-02,Delhi,11.0,26.4,6.7,14.943333333333333,3.476391642288909
2023-09-03,Delhi,9.9,0.0,7.4,14.636666666666667,3.4387731707022664
2023-09-04,Delhi,12.1,25.7,7.9,14.426666666666668,3.481570526836249
2023-09-05,Delhi,14.6,1.4,6.0,14.240000000000002,3.433164821219146
2023-09-06,Delhi,9.1,0.0,9.1,14.08,3.469611923047483
2023-09-07,Delhi,10.6,13.8,6.4,13.736666666666666,3.1428609120744166
2023-09-08,Delhi,14.3,4.1,6.8,13.593333333333334,3.138848167097848
2023-09-09,Delhi,11.2,7.0,6.8,13.403333333333332,2.8944040341053383
2023-09-10,Delhi,13.4,8.5,10.1,13.303333333333335,2.820306089200815
2023-09-11,Delhi,9.7,11.8,9.8,13.116666666666667,2.666145782461067
2023-09-12,Delhi,12.9,0.0,10.4,12.906666666666666,2.5885601554073525
2023-09-13,Delhi,13.8,0.0,9.9,12.613333333333335,2.2444926211592726
2023-09-14,Delhi,13.5,0.0,7.0,12.363333333333335,2.0940775820255295
2023-09-15,Delhi,15.0,11.3,9.0,12.15,1.7441033661242134
2023-09-16,Delhi,12.1,0.0,7.6,12.023333333333333,1.5773577499305764
2023-09-17,Delhi,10.6,22.0,7.0,11.836666666666668,1.86149427061754
2023-09-18,Delhi,10.7,1.6,7.6,11.776666666666667,1.917556515075227
2023-09-19,Delhi,12.4,4.3,10.7,11.713333333333333,2.010787002100869
2023-09-20,Delhi,11.0,15.7,13.5,11.69,2.0102067143665767
2023-09-21,Delhi,11.8,2.4,7.7,11.49,2.009177220518389
2023-09-22,Delhi,11.6,2.2,10.7,11.596666666666668,1.9623144908299628
2023-09-23,Delhi,14.4,30.5,7.2,11.683333333333334,1.9741577572667341
2023-09-24,Delhi,13.9,0.0,8.9,11.533333333333333,1.9391312191440764
2023-09-25,Delhi,12.6,7.3,6.7,11.633333333333333,1.9978148982870771
2023-09-26,Delhi,10.8,0.0,8.0,11.533333333333333,1.9813498243466503
2023-09-27,Delhi,11.1,14.0,9.4,11.479999999999999,2.052651775227974
2023-09-28,Delhi,10.0,100.8,6.4,11.379999999999999,2.054163140283235
2023-09-29,Delhi,12.1,0.0,10.0,11.196666666666665,2.0760511809078483
2023-09-30,Delhi,12.3,14.2,16.2,11.16,2.0434251165379904
2023-10-01,Delhi,6.6,0.0,8.4,10.879999999999999,2.074375685058131
2023-10-02,Delhi,9.2,6.3,10.0,10.896666666666668,2.086489104119876
2023-10-03,Delhi,8.0,0.0,7.0,10.770000000000001,2.216419915399852
2023-10-04,Delhi,11.4,0.0,8.0,10.743333333333334,2.2220964523800357
2023-10-05,Delhi,8.6,0.0,9.2,10.643333333333333,2.212454298508851
2023-10-06,Delhi,12.3,0.0,8.3,10.706666666666667,2.249893994948991
2023-10-07,Delhi,13.2,0.0,9.5,10.653333333333334,2.2420331495497443
2023-10-08,Delhi,9.8,0.0,6.2,10.656666666666666,2.2435629504530206
2023-10-09,Delhi,14.2,0.0,6.9,10.483333333333333,2.1430051946669693
2023-10-10,Delhi,10.4,0.0,7.0,10.409999999999998,2.0580120974147
2023-10-11,Delhi,8.1,0.0,12.0,10.180000000000001,2.186384198184479
2023-10-12,Delhi,9.9,0.0,8.9,10.186666666666667,2.1886436255229063
2023-10-13,Delhi,8.3,0.0,5.5,10.109999999999998,2.1958189109434776
2023-10-14,Delhi,12.4,0.0,8.9,10.106666666666666,2.196067540782839
2023-10-15,Delhi,6.6,0.0,10.7,10.076666666666666,2.1739338779615527
2023-10-16,Delhi,12.6,0.0,11.0,10.003333333333334,2.1330702064744513
2023-10-17,Delhi,6.8,0.0,9.5,10.176666666666666,2.0568947692956594
2023-10-18,Delhi,9.9,0.0,11.1,10.236666666666668,2.0536734678729958
2023-10-19,Delhi,9.4,0.0,13.2,10.379999999999999,2.0422097565277135
2023-10-20,Delhi,12.9,0.0,11.5,10.32,2.0376457003124497
2023-10-21,Delhi,10.2,0.0,5.6,10.396666666666667,2.013828629036802
2023-10-22,Delhi,11.7,0.0,13.7,10.43,2.0542890371799363
2023-10-23,Delhi,9.2,6.7,9.2,10.236666666666668,2.057531720681607
2023-10-24,Delhi,11.7,0.0,8.9,10.303333333333333,2.075220525603694
2023-10-25,Delhi,5.7,0.0,7.7,10.326666666666666,2.12390877999714
2023-10-26,Delhi,11.0,0.0,8.5,10.323333333333334,2.123868190815013
2023-10-27,Delhi,8.8,0.0,10.4,10.423333333333334,2.0858609953579914
2023-10-28,Delhi,9.9,0.0,8.3,10.456666666666669,2.0851996238408863
2023-10-29,Delhi,11.2,0.0,7.6,10.576666666666666,2.0602449357792625
2023-10-30,Delhi,10.1,0.0,10.3,10.603333333333332,2.089626815937921
2023-10-31,Delhi,11.8,0.0,12.2,10.773333333333333,1.9558811989406724
2023-11-01,Delhi,11.0,0.0,8.7,10.723333333333333,1.9265268612527118
2023-11-02,Delhi,12.3,0.0,6.1,10.919999999999998,1.809819956753667
2023-11-03,Delhi,9.6,0.0,8.2,10.843333333333334,1.9009404810896788
2023-11-04,Delhi,10.9,0.0,9.4,11.01,1.9872611545927967
2023-11-05,Delhi,13.3,0.0,6.0,10.91,1.9642231069292717
2023-11-06,Delhi,7.4,1.4,10.8,10.976666666666667,1.973214309862325
2023-11-07,Delhi,11.8,0.0,9.1,10.826666666666666,2.084248534610201
2023-11-08,Delhi,14.9,0.0,7.4,11.003333333333334,2.1646825574929953
2023-11-09,Delhi,10.3,0.0,8.3,11.166666666666666,2.3919885441623805
2023-11-10,Delhi,11.1,0.0,6.7,11.436666666666666,2.203364720593432
2023-11-11,Delhi,10.9,0.0,9.7,11.389999999999999,2.227624372471566
2023-11-12,Delhi,11.9,0.0,8.7,11.419999999999998,2.197396578713019
2023-11-13,Delhi,13.2,0.0,9.6,11.553333333333335,2.2231902106309804
2023-11-14,Delhi,11.7,0.0,6.3,11.583333333333334,2.224329939141822
2023-11-15,Delhi,11.1,0.0,6.6,11.643333333333334,2.2071487822818328
2023-11-16,Delhi,12.7,0.2,14.7,11.69,2.225301219440442
2023-11-17,Delhi,7.6,0.0,7.3,11.88,2.4007757367011107
2023-11-18,Delhi,14.4,0.0,11.7,12.040000000000001,2.582781179405521
2023-11-19,Delhi,9.9,0.0,6.9,12.276666666666667,2.675132395477846
2023-11-20,Delhi,12.2,0.0,6.1,12.436666666666667,2.7328756275037462
2023-11-21,Delhi,7.2,0.0,9.2,12.463333333333335,2.745464389251001
2023-11-22,Delhi,14.5,0.0,8.5,12.763333333333332,2.663609598262422
2023-11-23,Delhi,16.6,0.0,6.1,13.0,2.8815704530453066
2023-11-24,Delhi,13.8,0.0,17.0,13.023333333333333,2.9002595999544765
2023-11-25,Delhi,9.6,0.0,6.2,13.336666666666666,3.096993350992798
2023-11-26,Delhi,9.7,2.9,7.8,13.596666666666666,3.2274131130520742
2023-11-27,Delhi,13.9,1.3,18.7,13.873333333333333,3.34199334832245
2023-11-28,Delhi,12.1,0.0,6.9,13.993333333333334,3.333314942478243
2023-11-29,Delhi,11.9,1.0,5.9,14.216666666666667,3.498677911217089
2023-11-30,Delhi,13.2,3.9,10.4,14.41,3.5150268552466324
2023-12-01,Delhi,16.7,1.6,11.9,14.629999999999999,3.507248651500182
2023-12-02,Delhi,17.1,0.0,6.2,14.913333333333332,3.684799468958702
2023-12-03,Delhi,16.7,0.0,6.4,15.143333333333333,3.4182757635105796
2023-12-04,Delhi,15.7,0.0,15.1,15.253333333333334,3.44651081263511
2023-12-05,Delhi,14.1,1.5,12.6,15.426666666666666,3.2954444348205945
2023-12-06,Delhi,16.4,0.0,9.3,15.58,3.246791519702998
2023-12-07,Delhi,18.9,0.0,7.7,15.913333333333332,2.8452905231137695
2023-12-08,Delhi,15.6,0.0,7.1,15.963333333333333,2.832749770870929
2023-12-09,Delhi,19.7,0.0,7.1,16.066666666666666,2.9122018371382437
2023-12-10,Delhi,18.9,1.7,6.3,16.103333333333335,2.88951533143124
2023-12-11,Delhi,19.2,1.1,10.0,16.356666666666666,2.6203031324159016
2023-12-12,Delhi,15.5,0.0,7.3,16.523333333333333,2.324633205525408
2023-12-13,Delhi,19.9,0.0,6.7,16.53333333333333,2.313578111532517
2023-12-14,Delhi,17.5,0.0,10.2,16.71,2.1606751818310745
2023-12-15,Delhi,17.7,0.0,7.9,16.87333333333333,1.9604597162023
2023-12-16,Delhi,21.2,6.7,10.2,17.12,1.9478369966500422
2023-12-17,Delhi,14.5,4.9,7.5,17.209999999999997,1.989688937740502
2023-12-18,Delhi,17.7,0.0,5.7,17.45,2.373234370919093
2023-12-19,Delhi,15.1,0.0,11.3,17.77333333333333,2.87521313552822
2023-12-20,Delhi,16.8,0.0,10.4,18.15,3.302637399580039
2023-12-21,Delhi,17.2,0.0,16.6,18.56,3.5376399692062317
2023-12-22,Delhi,16.0,0.0,9.2,18.773333333333333,3.595392965270133
2023-12-23,Delhi,19.7,0.0,8.6,18.926666666666666,3.69761650473562
2023-12-24,Delhi,14.9,0.0,5.3,19.17,3.7113200551455323
2023-12-25,Delhi,17.2,0.0,10.3,19.323333333333334,3.827187977627078
2023-12-26,Delhi,14.7,0.0,7.8,19.65666666666667,4.205799225645235
2023-12-27,Delhi,14.2,0.0,7.2,19.836666666666662,4.300078855197984
2023-12-28,Delhi,17.4,1.3,6.3,20.283333333333335,4.524194219232258
2023-12-29,Delhi,16.8,0.0,6.9,20.40666666666667,4.5636444399968195
2023-12-30,Delhi,20.6,0.0,6.7,20.616666666666667,4.570224723467079
2023-12-31,Delhi,19.4,1.0,8.5,20.876666666666665,4.620171913008037
2024-01-01,Delhi,24.3,0.7,16.6,20.94,4.637746182702718
2024-01-02,Delhi,26.4,0.0,7.5,21.413333333333334,4.682228568514922
2024-01-03,Delhi,27.0,1.2,6.5,21.57333333333333,4.632712271284171
2024-01-04,Delhi,26.4,1.8,8.4,21.986666666666665,4.588195748863188
2024-01-05,Delhi,22.8,0.4,7.1,22.166666666666668,4.482404937418046
2024-01-06,Delhi,23.5,3.9,7.9,22.256666666666664,4.405692503657375
2024-01-07,Delhi,22.9,0.0,11.1,22.566666666666666,4.275538549125553
2024-01-08,Delhi,24.3,0.0,7.6,22.826666666666664,4.331992719239195
2024-01-09,Delhi,28.9,0.0,6.0,23.173333333333336,4.084869755517474
2024-01-10,Delhi,24.6,0.0,5.6,23.473333333333336,3.959618000848671
2024-01-11,Delhi,28.9,0.0,5.7,23.82333333333333,3.6056166274812074
2024-01-12,Delhi,23.6,0.0,9.7,24.259999999999998,3.166483963271614
2024-01-13,Delhi,23.8,0.0,9.4,24.433333333333334,2.909951218140118
2024-01-14,Delhi,25.5,0.0,8.5,24.70333333333333,2.5279790665511195
2024-01-15,Delhi,23.1,1.5,7.8,24.83,2.4076243835812345
2024-01-16,Delhi,28.7,0.0,8.2,25.133333333333333,2.2691838626034624
2024-01-17,Delhi,22.5,0.0,5.9,25.1,2.289104628452164
2024-01-18,Delhi,27.5,0.0,10.8,25.293333333333337,2.6232295616919328
2024-01-19,Delhi,22.2,2.1,5.7,25.453333333333333,2.8660598128049988
2024-01-20,Delhi,19.9,0.0,8.1,25.60666666666667,3.0364377192673677
2024-01-21,Delhi,25.3,1.1,6.3,26.003333333333334,3.411287888389422
2024-01-22,Delhi,27.5,0.0,5.7,26.35,3.6669775207835844
2024-01-23,Delhi,25.3,0.4,6.9,26.660000000000004,3.7572550508639226
2024-01-24,Delhi,26.2,0.0,10.8,26.93,3.8711265401244948
2024-01-25,Delhi,25.2,0.0,6.3,26.95,3.8831865691768597
2024-01-26,Delhi,27.3,0.0,6.1,27.180000000000003,3.943077740669917
2024-01-27,Delhi,22.6,0.0,9.0,27.27,4.013868200506282
2024-01-28,Delhi,24.9,0.0,7.4,27.61,4.122800353961095
2024-01-29,Delhi,24.4,0.0,16.9,27.833333333333332,4.090639721771446
2024-01-30,Delhi,28.5,0.0,21.9,28.040000000000003,4.1251624837383565
2024-01-31,Delhi,23.3,0.0,15.1,28.396666666666665,4.145831586091131
2024-02-01,Delhi,32.2,1.6,10.8,28.583333333333332,4.28373695490883
2024-02-02,Delhi,31.8,0.0,5.5,28.990000000000002,4.265365731984444
2024-02-03,Delhi,31.0,0.0,8.9,29.243333333333336,4.397466616550845
2024-02-04,Delhi,34.7,1.5,7.1,29.65,4.286365714038376
2024-02-05,Delhi,33.9,0.0,9.6,30.13,3.9499585331739926
2024-02-06,Delhi,32.2,0.0,9.6,30.509999999999998,4.0170627457695005
2024-02-07,Delhi,32.4,1.9,6.7,30.613333333333333,3.9766328967360334
2024-02-08,Delhi,29.5,0.4,11.7,30.953333333333333,3.9425821517109076
2024-02-09,Delhi,31.5,0.0,6.0,31.2,3.8656756558023546
2024-02-10,Delhi,31.6,0.0,12.9,31.35,3.7089593298317136
2024-02-11,Delhi,33.8,3.0,7.3,31.563333333333336,3.6515923152485805
2024-02-12,Delhi,30.5,0.0,7.5,31.756666666666668,3.296987479015121
2024-02-13,Delhi,31.7,0.0,8.6,32.10333333333333,3.091532744876648
2024-02-14,Delhi,33.8,0.0,6.3,32.42666666666666,2.7460232479281332
2024-02-15,Delhi,34.3,0.0,8.1,32.54,2.6467416532996184
2024-02-16,Delhi,34.7,0.0,10.5,33.03,2.2001802434003275
2024-02-17,Delhi,35.1,0.0,5.9,33.19,2.3095528750733267
2024-02-18,Delhi,34.4,0.0,10.2,33.38666666666667,2.434908952958253
2024-02-19,Delhi,34.3,0.0,9.8,33.653333333333336,2.597177955653826
2024-02-20,Delhi,36.7,1.5,5.9,33.739999999999995,2.6755083306891536
2024-02-21,Delhi,30.6,0.0,15.1,33.91,2.8428191447322195
2024-02-22,Delhi,35.5,0.0,6.3,34.10333333333333,2.9187247254561988
2024-02-23,Delhi,33.6,0.0,6.6,34.31666666666667,3.0219978928464983
2024-02-24,Delhi,29.7,0.0,11.2,34.49333333333333,2.882400021693438
2024-02-25,Delhi,33.7,0.0,5.6,34.70333333333333,2.8862914199575207
2024-02-26,Delhi,28.4,0.0,11.6,34.85333333333333,2.835943354978117
2024-02-27,Delhi,35.3,0.0,7.8,34.95666666666667,2.852667636385112
2024-02-28,Delhi,34.1,0.0,8.8,35.21666666666667,2.7871730002520825
2024-02-29,Delhi,31.9,0.0,14.9,35.4,2.7281419722387104
2024-03-01,Delhi,38.0,0.0,10.1,35.580000000000005,2.7962289877127384
2024-03-02,Delhi,37.0,0.0,12.5,35.730000000000004,2.8454622071668187
2024-03-03,Delhi,37.7,4.0,8.7,35.873333333333335,2.8995758706897
2024-03-04,Delhi,39.0,0.0,8.2,35.95666666666667,2.9124800823157457
2024-03-05,Delhi,37.3,0.0,7.2,36.09666666666667,2.935922968703675
2024-03-06,Delhi,39.0,0.0,7.3,36.266666666666666,2.9756869196336915
2024-03-07,Delhi,38.0,0.0,5.8,36.3,2.986290514079909
2024-03-08,Delhi,38.8,0.0,6.6,36.67,2.943039714074819
2024-03-09,Delhi,34.8,0.0,5.7,36.67333333333333,2.94172519560167
2024-03-10,Delhi,37.8,0.0,9.7,36.766666666666666,2.8847199509490005
2024-03-11,Delhi,36.1,0.0,9.4,36.91,2.6157810200451594
2024-03-12,Delhi,36.9,0.0,10.5,37.05,2.5496111941588713
2024-03-13,Delhi,38.3,0.0,13.0,37.343333333333334,1.957599397808391
2024-03-14,Delhi,37.2,0.0,10.6,37.473333333333336,1.9466918593869007
2024-03-15,Delhi,39.2,0.0,13.5,37.62333333333333,1.8487056671301403
2024-03-16,Delhi,38.8,0.0,8.2,37.903333333333336,1.5665651715720466
2024-03-17,Delhi,39.0,0.0,11.2,37.81333333333334,1.6368037257968813
2024-03-18,Delhi,37.6,0.0,5.3,37.95333333333334,1.7411318818188377
2024-03-19,Delhi,38.6,10.0,7.7,38.18666666666666,2.1313316758882555
2024-03-20,Delhi,39.4,0.0,11.2,38.28333333333333,2.2328400553207217
2024-03-21,Delhi,37.7,0.0,7.5,38.38,2.251497585899509
2024-03-22,Delhi,41.7,0.0,10.7,38.583333333333336,2.5632795982591436
2024-03-23,Delhi,35.6,0.0,7.1,38.70666666666667,2.6225722215931926
2024-03-24,Delhi,36.4,0.0,6.6,38.79666666666667,2.6717530514284222
2024-03-25,Delhi,34.0,0.0,8.2,39.01333333333333,2.5990360724214905
2024-03-26,Delhi,37.9,0.0,8.9,39.123333333333335,2.615693134661184
2024-03-27,Delhi,37.2,0.0,9.9,39.29333333333333,2.5778811579219143
2024-03-28,Delhi,39.2,0.0,8.0,39.48,2.601246385604737
2024-03-29,Delhi,38.6,0.0,7.2,39.52333333333333,2.5917220121970583
2024-03-30,Delhi,40.3,0.0,7.7,39.65,2.566998784304682
2024-03-31,Delhi,35.3,0.0,6.6,39.673333333333325,2.565948548592511
2024-04-01,Delhi,41.2,0.0,9.0,39.65,2.57732151795184
2024-04-02,Delhi,44.7,1.9,14.2,39.65333333333333,2.5765164042967434
2024-04-03,Delhi,41.9,0.0,7.0,39.84666666666667,2.6340912629615216
2024-04-04,Delhi,40.2,0.0,13.7,39.93666666666666,2.636152281370662
2024-04-05,Delhi,45.1,0.0,7.5,39.913333333333334,2.6441520814594024
2024-04-06,Delhi,41.7,0.0,11.7,40.15333333333333,2.760526353275309
2024-04-07,Delhi,41.5,0.0,9.3,40.04,2.764628802171123
2024-04-08,Delhi,41.3,0.0,5.4,40.18333333333333,2.6349224071981827
2024-04-09,Delhi,41.1,0.0,5.5,40.25333333333333,2.5577109018558586
2024-04-10,Delhi,41.2,0.0,6.0,40.473333333333336,2.2688191267454774
2024-04-11,Delhi,42.5,0.0,9.7,40.440000000000005,2.314809890161017
2024-04-12,Delhi,39.6,3.9,6.8,40.46666666666667,2.280552463819006
2024-04-13,Delhi,41.0,0.0,13.3,40.53666666666666,2.272547307399534
2024-04-14,Delhi,39.9,0.0,6.8,40.61000000000001,2.243204296813476
2024-04-15,Delhi,38.1,0.0,9.2,40.47666666666667,2.3771445248354333
2024-04-16,Delhi,39.1,0.0,8.1,40.519999999999996,2.2897673424956686
2024-04-17,Delhi,43.4,1.4,7.0,40.333333333333336,2.4547397268219346
2024-04-18,Delhi,41.3,0.0,9.0,40.163333333333334,2.314494557667462
2024-04-19,Delhi,38.7,0.0,8.0,40.07,2.2984477520636717
2024-04-20,Delhi,44.9,0.0,16.5,39.97666666666667,2.3492747719294167
2024-04-21,Delhi,38.3,0.0,11.3,39.720000000000006,2.18512210658596
2024-04-22,Delhi,39.9,0.0,12.0,39.71,2.1764174929110642
2024-04-23,Delhi,38.5,0.0,8.0,39.71333333333334,2.1793281681217316
2024-04-24,Delhi,40.6,0.0,6.0,39.686666666666675,2.164085111038172
2024-04-25,Delhi,36.9,0.0,10.2,39.63666666666666,2.147570131861907
2024-04-26,Delhi,38.0,0.0,6.5,39.473333333333336,2.2099981796426844
2024-04-27,Delhi,41.3,2.4,7.5,39.25,2.232016252567421
2024-04-28,Delhi,40.8,0.2,11.0,39.25666666666667,2.233395950400498
2024-04-29,Delhi,36.3,3.1,13.4,39.14666666666666,2.225825431289633
2024-04-30,Delhi,36.6,13.2,10.8,39.09333333333334,2.226321123990742
2024-05-01,Delhi,35.6,0.0,8.4,39.13666666666666,2.218959578089779
2024-05-02,Delhi,39.6,0.0,10.8,39.11333333333334,2.223035100368915
2024-05-03,Delhi,39.1,0.0,7.3,38.88666666666666,2.114927786055788
2024-05-04,Delhi,37.4,0.0,8.1,38.71666666666667,2.1192196568604986
2024-05-05,Delhi,37.4,0.0,12.6,38.79,2.1563618786569854
2024-05-06,Delhi,41.4,0.0,8.7,38.49333333333334,1.881476553930299
2024-05-07,Delhi,41.6,0.0,7.7,38.559999999999995,1.909612706717282
2024-05-08,Delhi,40.5,0.0,10.2,38.39666666666667,1.998531069756618
2024-05-09,Delhi,39.6,0.0,13.2,38.43333333333333,2.010546903351334
2024-05-10,Delhi,36.3,0.0,7.8,38.343333333333334,1.9702412478459492
2024-05-11,Delhi,35.8,0.0,8.4,38.44666666666667,1.9732230475552488
2024-05-12,Delhi,39.8,0.0,11.9,38.42666666666666,1.9809320922292901
2024-05-13,Delhi,37.7,0.0,7.2,38.303333333333335,1.9097722076358719
2024-05-14,Delhi,38.3,0.0,13.9,38.193333333333335,1.855268980096057
2024-05-15,Delhi,39.4,0.0,6.4,38.22,1.83272926307326
2024-05-16,Delhi,38.4,0.0,12.9,38.21,1.8426648618520856
2024-05-17,Delhi,36.6,0.0,10.4,38.47666666666667,2.0220650648378524
2024-05-18,Delhi,36.2,0.0,7.8,38.11333333333334,2.684146731861326
2024-05-19,Delhi,40.9,0.0,11.8,37.976666666666674,2.7360534544756323
2024-05-20,Delhi,36.0,0.0,6.5,37.730000000000004,3.099293579133168
2024-05-21,Delhi,40.3,0.0,7.9,37.47,3.4367336136272457
2024-05-22,Delhi,35.0,0.0,7.5,37.263333333333335,3.378173688735567
2024-05-23,Delhi,39.6,1.5,10.9,36.97333333333333,3.3664606742490344
2024-05-24,Delhi,37.9,0.0,10.5,36.72666666666667,3.370248464526698
2024-05-25,Delhi,40.0,0.0,8.9,36.480000000000004,3.4230859237507008
2024-05-26,Delhi,37.4,0.0,8.7,36.32000000000001,3.541906753187715
2024-05-27,Delhi,37.6,0.0,8.6,36.10666666666667,3.760313021942373
2024-05-28,Delhi,37.5,0.0,7.9,35.80333333333333,3.818691176155967
2024-05-29,Delhi,37.1,1.9,10.3,35.75,3.802426629911869
2024-05-30,Delhi,36.3,0.0,9.9,35.48,3.901405582253944
2024-05-31,Delhi,43.6,0.0,7.5,35.09,4.07687760847485
2024-06-01,Delhi,28.7,0.0,10.2,34.88333333333333,4.060413036008695
2024-06-02,Delhi,35.0,32.6,10.4,34.75333333333334,4.065984491492597
2024-06-03,Delhi,30.0,5.2,12.9,34.66,4.063767574130263
2024-06-04,Delhi,29.6,0.0,9.6,34.330000000000005,3.9396437787507006
2024-06-05,Delhi,35.2,10.3,17.2,34.123333333333335,4.0109920806784425
2024-06-06,Delhi,32.9,18.2,8.5,33.86666666666667,3.8450445792074723
2024-06-07,Delhi,33.1,0.0,10.1,33.75,3.862529990956095
2024-06-08,Delhi,32.2,22.7,10.5,33.306666666666665,3.930599088612714
2024-06-09,Delhi,31.5,37.1,18.8,33.056666666666665,3.86636096690901
2024-06-10,Delhi,29.4,10.2,5.9,32.70666666666667,3.6872504786025604
2024-06-11,Delhi,30.7,0.0,7.2,32.47666666666667,3.5985325872652565
2024-06-12,Delhi,36.1,3.2,9.5,32.260000000000005,3.472909939557409
2024-06-13,Delhi,30.2,2.6,6.5,32.06666666666667,3.3296301268474213
2024-06-14,Delhi,27.7,9.0,6.9,31.880000000000003,3.1918430520572736
2024-06-15,Delhi,32.2,0.0,6.5,31.669999999999998,3.0968448905075694
2024-06-16,Delhi,32.7,9.7,7.8,31.30666666666667,2.140727129663873
2024-06-17,Delhi,33.4,0.0,7.1,31.293333333333337,2.1586926652465537
2024-06-18,Delhi,31.0,7.1,8.0,31.07,2.1079733689348856
2024-06-19,Delhi,29.8,25.2,8.3,30.933333333333334,2.303570442076811
2024-06-20,Delhi,32.6,10.5,14.9,30.793333333333333,2.506121241712315
2024-06-21,Delhi,31.5,12.3,9.0,30.413333333333338,2.673591583249719
2024-06-22,Delhi,26.3,17.7,8.5,30.113333333333333,2.8817778675952224
2024-06-23,Delhi,30.4,24.0,11.1,29.880000000000003,2.9148135328070683
2024-06-24,Delhi,29.5,0.0,11.9,29.71,2.92354885901283
2024-06-25,Delhi,30.5,0.0,11.4,29.37666666666667,3.2628191040491132
2024-06-26,Delhi,31.1,0.5,8.7,29.213333333333335,3.382075809559851
2024-06-27,Delhi,31.7,0.0,10.6,29.166666666666668,3.3704940120193356
2024-06-28,Delhi,31.5,35.5,10.9,28.876666666666665,3.1182094036575205
2024-06-29,Delhi,30.0,0.0,15.2,28.560000000000002,3.4444958592134562
2024-06-30,Delhi,32.7,2.3,12.0,28.42,3.5639381549648843
2024-07-01,Delhi,28.3,0.0,9.4,28.113333333333337,3.6227950091278456
2024-07-02,Delhi,28.3,0.7,8.0,27.953333333333333,3.5177121614161977
2024-07-03,Delhi,25.9,46.3,11.0,27.623333333333335,3.4529031596449036
2024-07-04,Delhi,25.4,19.5,6.2,27.416666666666668,3.4292940193668238
2024-07-05,Delhi,23.8,0.0,6.2,27.419999999999998,3.4317382747242826
2024-07-06,Delhi,23.9,3.8,7.3,27.25,3.2896651123974356
2024-07-07,Delhi,26.1,18.6,6.8,27.05666666666667,3.2005046297510904
2024-07-08,Delhi,27.1,3.4,6.6,27.003333333333334,3.2267719893517515
2024-07-09,Delhi,21.5,1.5,6.3,26.686666666666667,3.3458912871980484
2024-07-10,Delhi,24.5,0.0,9.4,26.42,3.4316377913519895
2024-07-11,Delhi,29.3,30.4,6.8,26.15666666666667,3.41080264932528
2024-07-12,Delhi,27.4,1.7,6.6,25.94333333333333,3.2889242904795504
2024-07-13,Delhi,20.7,7.0,7.9,25.723333333333333,3.106243249721026
2024-07-14,Delhi,23.5,23.4,12.2,25.473333333333336,2.921611899612041
2024-07-15,Delhi,23.0,0.0,10.5,25.35,2.7994765520571687
2024-07-16,Delhi,27.9,3.3,14.0,25.123333333333335,2.4354682808706585
2024-07-17,Delhi,23.5,5.7,5.5,25.00333333333333,2.36110484560823
2024-07-18,Delhi,24.8,12.6,10.8,24.653333333333332,2.619651639559029
2024-07-19,Delhi,29.9,5.7,11.1,24.35666666666667,2.9559622195959787
2024-07-20,Delhi,27.5,0.0,8.0,23.996666666666666,3.442180877787063
2024-07-21,Delhi,25.7,66.6,6.5,23.85,3.543108901749392
2024-07-22,Delhi,24.7,7.9,6.9,23.546666666666667,3.909293377663575
2024-07-23,Delhi,20.9,26.3,10.2,23.3,3.9755285920500554
2024-07-24,Delhi,21.5,11.3,7.5,23.046666666666667,3.9671698705260643
2024-07-25,Delhi,22.6,2.7,10.2,22.84333333333333,4.198742285686248
2024-07-26,Delhi,24.7,16.7,6.6,22.486666666666665,4.4970283930409725
2024-07-27,Delhi,25.1,0.0,9.7,22.046666666666667,4.452952010654951
2024-07-28,Delhi,24.0,42.5,7.1,21.82,4.342762508691572
2024-07-29,Delhi,26.3,8.4,6.8,21.763333333333332,4.368893439425827
2024-07-30,Delhi,25.9,31.3,5.5,21.589999999999996,4.400654340060147
2024-07-31,Delhi,24.7,33.9,6.4,21.45,4.421011742529843
2024-08-01,Delhi,17.8,5.0,12.5,21.09,4.316156495836576
2024-08-02,Delhi,17.0,3.6,5.9,20.883333333333333,4.345118809798519
2024-08-03,Delhi,14.6,0.0,9.6,20.716666666666665,4.285185654315872
2024-08-04,Delhi,19.4,45.4,7.6,20.41,3.918862431704028
2024-08-05,Delhi,14.8,8.2,6.9,19.96333333333333,3.8458650731558492
2024-08-06,Delhi,18.7,5.0,13.5,19.663333333333334,3.732289981465484
2024-08-07,Delhi,19.5,27.4,8.0,19.483333333333334,3.609191650192129
2024-08-08,Delhi,15.4,11.3,11.2,19.483333333333334,3.609191650192129
2024-08-09,Delhi,13.8,9.9,7.7,19.31,3.633783057688683
2024-08-10,Delhi,16.1,0.5,9.5,18.973333333333333,3.7832601643641754
2024-08-11,Delhi,20.6,6.3,13.5,18.743333333333336,3.6297319491925264
2024-08-12,Delhi,19.0,27.5,6.0,18.46333333333333,3.441579762894982
2024-08-13,Delhi,18.3,12.2,7.7,18.233333333333334,3.285845645978499
2024-08-14,Delhi,18.8,0.0,11.0,17.91666666666667,2.9189137485141314
2024-08-15,Delhi,17.1,4.8,6.6,17.763333333333335,2.587034426991111
2024-08-16,Delhi,17.3,9.6,7.6,17.543333333333333,2.233241548980404
2024-08-17,Delhi,19.8,0.0,10.9,17.530000000000005,2.2328503509316544
2024-08-18,Delhi,20.7,39.7,9.0,17.330000000000002,2.5307965217463044
2024-08-19,Delhi,14.1,6.7,6.8,17.3,2.569314949620864
2024-08-20,Delhi,16.7,0.6,6.8,17.086666666666666,2.6532651755816743
2024-08-21,Delhi,19.3,39.5,6.6,16.986666666666668,2.7951600205051435
2024-08-22,Delhi,20.9,1.2,6.3,16.783333333333335,2.8866020273616244
2024-08-23,Delhi,16.3,9.7,15.4,16.473333333333336,3.077833242926716
2024-08-24,Delhi,12.5,36.1,16.3,16.343333333333334,3.2044885904676264
2024-08-25,Delhi,17.8,0.0,15.1,16.35333333333333,3.196736841965886
2024-08-26,Delhi,16.7,74.8,7.3,16.163333333333334,3.376642214342315
2024-08-27,Delhi,17.1,0.0,13.4,15.83,3.4169102800731195
2024-08-28,Delhi,16.8,12.4,8.6,15.71,3.3645566393376023
2024-08-29,Delhi,21.3,10.1,6.3,15.503333333333332,3.3902988713064808
2024-08-30,Delhi,18.1,0.0,10.3,15.153333333333332,3.575176227470702
2024-08-31,Delhi,17.4,0.0,7.4,14.976666666666667,3.6064772508529583
2024-09-01,Delhi,11.0,0.0,11.6,14.846666666666666,3.5900949303877425
2024-09-02,Delhi,13.7,0.0,6.6,14.666666666666666,3.4664235104821444
2024-09-03,Delhi,13.0,1.6,7.0,14.396666666666667,3.2913138905970576
2024-09-04,Delhi,11.8,28.2,9.0,14.416666666666666,3.2912719827398305
2024-09-05,Delhi,12.6,11.8,14.4,14.24,3.306691230906218
2024-09-06,Delhi,10.2,21.2,6.1,13.959999999999999,3.217902508113707
2024-09-07,Delhi,11.5,0.4,9.6,13.646666666666667,2.9666808730126655
2024-09-08,Delhi,14.1,0.0,9.4,13.473333333333333,2.9582069747986637
2024-09-09,Delhi,10.4,21.4,7.0,13.379999999999999,3.0331956517951983
2024-09-10,Delhi,10.6,0.0,9.2,13.213333333333333,2.917099803635135
2024-09-11,Delhi,15.4,0.0,7.9,12.943333333333333,2.9578281096840477
2024-09-12,Delhi,12.1,1.7,10.0,12.680000000000001,2.926501972168098
2024-09-13,Delhi,8.3,0.0,11.7,12.623333333333333,2.85967002356539
2024-09-14,Delhi,11.8,1.2,13.9,12.273333333333333,2.360001948177715
2024-09-15,Delhi,13.4,24.0,5.6,12.153333333333332,2.13424190422441
2024-09-16,Delhi,14.4,13.8,6.3,12.046666666666665,1.933503757847267
2024-09-17,Delhi,12.6,10.1,6.6,12.01,1.9642231069288971
2024-09-18,Delhi,14.7,3.6,6.0,11.8,2.108766594890113
2024-09-19,Delhi,11.4,23.6,9.6,11.639999999999999,2.1949157551974734
2024-09-20,Delhi,10.9,0.0,14.0,11.583333333333334,2.2125166406284436
2024-09-21,Delhi,11.5,0.0,9.0,11.533333333333333,2.205687528020383
2024-09-22,Delhi,11.1,2.5,11.9,11.56,2.1938157594035097
2024-09-23,Delhi,9.7,17.0,7.8,11.563333333333333,2.1937974214674156
2024-09-24,Delhi,12.8,4.0,12.1,11.483333333333333,2.1412344704566015
2024-09-25,Delhi,8.6,0.0,7.0,11.526666666666667,2.13168758358801
2024-09-26,Delhi,9.2,0.0,6.7,11.540000000000001,2.1269372508294215
2024-09-27,Delhi,15.1,24.7,9.0,11.33,2.0419986828325705
2024-09-28,Delhi,10.8,15.7,8.7,11.22,2.087466704256527
2024-09-29,Delhi,14.5,0.0,11.3,11.31,2.014148232739729
2024-09-30,Delhi,14.2,17.2,14.3,11.416666666666666,2.122796355710173
2024-10-01,Delhi,9.9,0.0,8.5,11.286666666666667,2.1165576042135776
2024-10-02,Delhi,7.4,0.0,14.3,11.143333333333334,2.0427640728854515
2024-10-03,Delhi,8.2,2.1,6.4,11.156666666666668,2.053874947228012
2024-10-04,Delhi,10.1,0.0,6.8,11.016666666666667,1.9442369894806188
2024-10-05,Delhi,11.1,0.0,9.0,11.066666666666666,1.9735026333092271
2024-10-06,Delhi,11.0,0.0,10.3,11.030000000000001,1.9868793761002972
2024-10-07,Delhi,11.6,0.0,8.4,11.043333333333333,1.9914789744678247
2024-10-08,Delhi,11.7,0.0,6.6,10.979999999999999,2.019627825052039
2024-10-09,Delhi,11.7,0.0,11.6,10.936666666666667,2.061550025041211
2024-10-10,Delhi,11.0,2.8,5.8,10.793333333333333,2.076956216783847
2024-10-11,Delhi,9.1,0.0,7.6,10.78,2.092746092314316
2024-10-12,Delhi,8.8,0.0,5.2,10.860000000000001,2.07607055889667
2024-10-13,Delhi,11.0,1.1,7.1,10.746666666666668,1.9238491111049063
2024-10-14,Delhi,15.0,0.0,7.2,10.653333333333334,1.988021600752305
2024-10-15,Delhi,9.5,0.0,6.1,10.416666666666666,1.9362393933876123
2024-10-16,Delhi,10.1,0.0,6.6,10.293333333333333,1.7999872285626881
2024-10-17,Delhi,13.0,0.0,8.6,10.286666666666665,1.801863658459885
2024-10-18,Delhi,10.5,0.0,13.3,10.41,1.7223380260164818
2024-10-19,Delhi,12.9,3.1,15.9,10.613333333333335,1.8102644755020338
2024-10-20,Delhi,9.8,0.0,10.4,10.673333333333334,1.8224525599679187
2024-10-21,Delhi,11.9,0.0,6.1,10.696666666666665,1.8325567843361303
2024-10-22,Delhi,9.2,0.0,5.8,10.7,1.833218387201236
2024-10-23,Delhi,8.4,0.0,8.4,10.646666666666668,1.8294022640410301
2024-10-24,Delhi,8.5,2.0,10.0,10.590000000000002,1.821963700005633
2024-10-25,Delhi,8.2,0.0,7.9,10.469999999999999,1.864394142138851
2024-10-26,Delhi,11.6,0.0,8.4,10.503333333333332,1.883042903046271
2024-10-27,Delhi,11.7,0.0,8.7,10.506666666666666,1.8805599557383756
2024-10-28,Delhi,8.0,0.0,10.6,10.636666666666667,1.8932699924649157
2024-10-29,Delhi,7.4,7.0,14.2,10.729999999999999,1.9788798642771792
2024-10-30,Delhi,10.5,0.0,6.0,10.686666666666667,1.8945899990151178
2024-10-31,Delhi,9.7,0.3,8.0,10.82,1.9481910265326547
2024-11-01,Delhi,11.1,0.0,9.9,10.75,2.0116471206280995
2024-11-02,Delhi,14.3,1.4,8.9,10.803333333333333,2.0929245885443706
2024-11-03,Delhi,11.9,0.0,7.2,10.923333333333334,2.1764703049906373
2024-11-04,Delhi,11.8,0.0,7.0,10.836666666666668,2.1466065173268656
2024-11-05,Delhi,11.1,0.0,7.7,10.913333333333332,2.1493757447115462
2024-11-06,Delhi,10.0,0.0,12.3,10.870000000000001,2.1418892723884455
2024-11-07,Delhi,10.0,0.0,8.6,11.05,2.2221067977687183
2024-11-08,Delhi,8.1,0.0,8.7,11.29,2.31298433884115
2024-11-09,Delhi,12.0,0.0,6.9,11.333333333333334,2.2707029647277257
2024-11-10,Delhi,9.2,0.0,8.8,11.456666666666667,2.193828857835442
2024-11-11,Delhi,12.7,0.0,9.5,11.5,2.20954044215478
2024-11-12,Delhi,13.8,0.0,5.7,11.49,2.209282923141139
2024-11-13,Delhi,13.7,0.0,9.2,11.59,2.11160177802677
2024-11-14,Delhi,13.5,0.0,9.5,11.743333333333334,1.9583038638037784
2024-11-15,Delhi,8.0,0.0,6.3,11.72,1.977703300504878
2024-11-16,Delhi,14.6,0.0,6.8,11.763333333333334,1.94590344824335
2024-11-17,Delhi,14.1,0.0,7.8,11.92,2.075538982762266
2024-11-18,Delhi,10.3,0.2,13.7,12.023333333333333,2.2665001629177204
2024-11-19,Delhi,12.1,0.0,7.0,12.146666666666667,2.358364911855579
2024-11-20,Delhi,10.6,0.0,5.9,12.333333333333334,2.5442746183015785
2024-11-21,Delhi,14.6,0.0,8.4,12.509999999999998,2.637965517016064
2024-11-22,Delhi,15.6,0.0,9.8,12.763333333333332,2.751110538564857
2024-11-23,Delhi,9.8,0.0,7.2,12.846666666666666,2.7019448083050768
2024-11-24,Delhi,11.9,0.0,5.4,13.116666666666667,2.614559148351823
2024-11-25,Delhi,12.9,0.0,14.2,13.326666666666666,2.7701529066889274
2024-11-26,Delhi,11.4,0.0,9.4,13.6,2.753430462231644
2024-11-27,Delhi,11.0,0.0,11.1,13.68,2.761234106899266
2024-11-28,Delhi,12.0,0.0,6.8,13.793333333333333,2.8351164098624957
2024-11-29,Delhi,9.8,0.0,7.7,13.903333333333334,2.8947614199034195
2024-11-30,Delhi,11.0,0.0,9.8,14.023333333333335,2.9515260031256343
2024-12-01,Delhi,15.8,0.0,10.5,14.360000000000001,2.8135877206992
2024-12-02,Delhi,17.4,0.0,13.8,14.383333333333333,2.818544908689447
2024-12-03,Delhi,15.6,0.0,6.5,14.509999999999998,2.889857412065398
2024-12-04,Delhi,17.4,0.0,9.9,14.773333333333335,2.8526978559727674
2024-12-05,Delhi,16.4,1.0,6.8,14.986666666666668,2.885006822837072
2024-12-06,Delhi,17.6,0.0,6.2,15.153333333333332,2.764770157352845
2024-12-07,Delhi,12.5,0.0,10.3,15.17,2.762825889655751
2024-12-08,Delhi,16.2,0.0,8.0,15.226666666666667,2.789256894405547
2024-12-09,Delhi,18.3,0.0,7.9,15.353333333333332,2.6151723531694775
2024-12-10,Delhi,17.4,0.0,11.6,15.443333333333333,2.537536591661954
2024-12-11,Delhi,15.1,0.0,9.6,15.629999999999999,2.5499357666014815
2024-12-12,Delhi,17.2,0.0,6.8,15.833333333333334,2.4419231162646198
2024-12-13,Delhi,17.0,0.6,7.9,16.043333333333333,2.277276554515836
2024-12-14,Delhi,17.1,0.0,8.6,16.156666666666666,2.1501697340112167
2024-12-15,Delhi,18.1,0.0,7.5,16.363333333333333,1.7850882975039235
2024-12-16,Delhi,15.3,0.0,8.5,16.543333333333333,1.470088745464243
2024-12-17,Delhi,17.9,0.0,8.2,16.568965517241377,1.489271981366458
2024-12-18,Delhi,18.2,0.0,6.4,16.539285714285715,1.5078410579650257
2024-12-19,Delhi,18.5,2.3,15.0,16.574074074074073,1.525070639623262
2024-12-20,Delhi,15.6,0.0,6.1,16.54230769230769,1.5461366244737003
2024-12-21,Delhi,15.1,0.0,5.2,16.548,1.5777410011364834
2024-12-22,Delhi,17.3,0.0,8.1,16.504166666666666,1.5960492437284957
2024-12-23,Delhi,13.6,0.4,7.7,16.678260869565214,1.3793794789818021
2024-12-24,Delhi,14.6,0.7,5.2,16.7,1.4078013929192297
2024-12-25,Delhi,18.5,0.0,12.1,16.623809523809523,1.3953152912174898
2024-12-26,Delhi,17.5,0.0,9.2,16.585,1.4198869487987542
2024-12-27,Delhi,17.3,0.7,8.0,16.66315789473684,1.413903393806733
2024-12-28,Delhi,15.4,0.0,8.2,16.633333333333333,1.4487316968343222
2024-12-29,Delhi,16.0,0.0,10.5,16.61176470588235,1.4903365194402245
2024-12-30,Delhi,16.4,0.0,14.6,16.581249999999997,1.53371824878869
2023-01-01,Dehradun,23.2,0.0,10.7,21.046666666666667,2.775110465411799
2023-01-02,Dehradun,22.9,0.0,7.8,20.93125,2.720470241214436
2023-01-03,Dehradun,21.6,0.0,6.1,20.876470588235293,2.6437495654289727
2023-01-04,Dehradun,19.1,0.0,11.9,20.87222222222222,2.564877145448068
2023-01-05,Dehradun,18.3,2.0,7.6,20.989473684210527,2.5444699812299056
2023-01-06,Dehradun,26.7,0.0,6.5,21.155,2.584869944809399
2023-01-07,Dehradun,21.0,3.3,12.3,21.03333333333333,2.580374649800554
2023-01-08,Dehradun,20.9,0.0,7.9,21.063636363636363,2.5221958412208716
2023-01-09,Dehradun,19.6,0.0,9.2,20.93913043478261,2.5355184390851333
2023-01-10,Dehradun,16.9,0.0,8.5,20.858333333333334,2.511177909418929
2023-01-11,Dehradun,17.1,0.0,12.4,20.756,2.510989180913902
2023-01-12,Dehradun,21.5,0.0,6.4,20.86923076923077,2.527096235724984
2023-01-13,Dehradun,25.5,0.0,8.6,20.94814814814815,2.511721807594631
2023-01-14,Dehradun,21.4,0.0,8.6,20.88214285714286,2.4893928415532813
2023-01-15,Dehradun,20.0,0.0,11.1,20.99310344827586,2.5165070796191693
2023-01-16,Dehradun,19.2,0.0,8.5,21.026666666666664,2.479562438225235
2023-01-17,Dehradun,20.0,0.0,9.6,20.916666666666668,2.452877737556909
2023-01-18,Dehradun,20.8,0.0,14.7,20.973333333333333,2.51902188644081
2023-01-19,Dehradun,23.1,0.0,13.1,21.176666666666666,2.801684632789564
2023-01-20,Dehradun,24.3,1.0,7.2,21.52,3.1481138304793195
2023-01-21,Dehradun,18.6,1.1,12.8,21.813333333333333,3.2461896319279906
2023-01-22,Dehradun,21.7,0.2,9.2,21.723333333333336,3.141785494261826
2023-01-23,Dehradun,18.2,0.0,11.5,21.810000000000002,3.156968209510839
2023-01-24,Dehradun,19.0,2.8,6.8,21.986666666666665,3.2511783893751867
2023-01-25,Dehradun,18.3,0.0,8.1,22.263333333333335,3.391214138525218
2023-01-26,Dehradun,23.7,0.0,8.1,22.60333333333333,3.3459685813119107
2023-01-27,Dehradun,23.0,4.0,12.4,22.87,3.208195324692578
2023-01-28,Dehradun,19.1,0.0,10.2,23.19666666666667,3.545126167039742
2023-01-29,Dehradun,24.1,1.0,15.2,23.24666666666667,3.5890382280353124
2023-01-30,Dehradun,22.0,0.3,9.3,23.389999999999997,3.5985964696981716
2023-01-31,Dehradun,19.9,0.0,11.5,23.6,3.5777087639996643
2023-02-01,Dehradun,24.6,5.1,8.9,23.84,3.5132851312970756
2023-02-02,Dehradun,27.7,1.4,6.4,24.073333333333334,3.481768608577854
2023-02-03,Dehradun,29.4,0.0,11.2,24.15333333333333,3.431168830038809
2023-02-04,Dehradun,27.1,0.0,6.9,24.24666666666667,3.439600351016473
2023-02-05,Dehradun,24.0,0.0,5.6,24.339999999999996,3.4788622793408615
2023-02-06,Dehradun,23.6,0.0,6.6,24.533333333333335,3.305724745340124
2023-02-07,Dehradun,26.2,0.0,9.8,24.743333333333336,3.319605640613867
2023-02-08,Dehradun,27.9,0.0,6.9,24.986666666666668,3.0825127830183066
2023-02-09,Dehradun,27.1,0.0,9.8,25.223333333333333,2.8724233831303527
2023-02-10,Dehradun,25.1,0.0,11.5,25.55,2.602485549332168
2023-02-11,Dehradun,31.3,0.0,15.4,25.733333333333334,2.66074054163217
2023-02-12,Dehradun,27.0,0.0,11.9,25.91,2.648923008214522
2023-02-13,Dehradun,25.7,0.0,10.9,26.10333333333333,2.326827547709887
2023-02-14,Dehradun,26.3,0.0,8.0,26.05,2.391760280918493
2023-02-15,Dehradun,26.4,5.8,5.9,26.34666666666667,2.423837557623679
2023-02-16,Dehradun,27.0,0.0,7.8,26.719999999999995,2.2531816585013487
2023-02-17,Dehradun,23.2,0.0,6.0,26.923333333333336,2.3292270929591
2023-02-18,Dehradun,25.9,0.0,5.9,27.116666666666667,2.6186444681504017
2023-02-19,Dehradun,27.1,0.0,14.5,27.143333333333334,2.6466222237792616
2023-02-20,Dehradun,24.4,0.0,10.0,27.283333333333335,2.7531904168190677
2023-02-21,Dehradun,28.0,0.0,8.8,27.453333333333333,2.7004129101042036
2023-02-22,Dehradun,25.5,2.6,10.0,27.68,2.650751357374107
2023-02-23,Dehradun,26.1,0.0,8.4,27.780000000000005,2.6495803181011413
2023-02-24,Dehradun,28.1,1.9,5.8,27.95,2.8159337276684386
2023-02-25,Dehradun,29.2,0.0,7.2,28.256666666666668,3.1955446714334026
2023-02-26,Dehradun,28.3,0.0,14.5,28.33,3.145456493376457
2023-02-27,Dehradun,24.9,0.0,10.2,28.296666666666667,3.118076698679901
2023-02-28,Dehradun,22.5,0.0,6.0,28.439999999999998,3.155028826580147
2023-03-01,Dehradun,30.9,0.0,9.2,28.613333333333333,3.142120230072341
2023-03-02,Dehradun,31.1,1.4,7.4,28.77333333333333,3.142471389970255
2023-03-03,Dehradun,30.7,0.0,9.5,28.939999999999998,3.144848003563482
2023-03-04,Dehradun,33.5,0.0,8.2,29.07333333333333,3.1445555942068273
2023-03-05,Dehradun,30.2,0.0,6.8,29.313333333333336,2.949545065252268
2023-03-06,Dehradun,31.3,0.0,10.2,29.439999999999998,2.8786491084630574
2023-03-07,Dehradun,29.1,0.0,11.6,29.586666666666666,2.8673829631688976
2023-03-08,Dehradun,30.4,0.0,6.1,29.696666666666665,2.7211158123769374
2023-03-09,Dehradun,29.2,0.0,10.0,29.756666666666664,2.7021936597351104
2023-03-10,Dehradun,33.0,0.0,8.9,29.923333333333332,2.582124670904165
2023-03-11,Dehradun,36.3,0.0,8.1,30.026666666666667,2.4840086253019944
2023-03-12,Dehradun,27.3,0.0,16.6,30.233333333333334,2.574454523186226
2023-03-13,Dehradun,30.3,0.0,12.4,30.18,2.6128858401761637
2023-03-14,Dehradun,31.3,0.0,8.5,30.296666666666667,2.6041721609137434
2023-03-15,Dehradun,30.9,0.0,8.2,30.456666666666667,2.400672798416617
2023-03-16,Dehradun,31.1,0.0,17.2,30.723333333333336,1.872612656402692
2023-03-17,Dehradun,31.4,0.0,19.2,30.68,1.8833938551968115
2023-03-18,Dehradun,31.0,0.0,14.5,30.633333333333333,1.8899613813484417
2023-03-19,Dehradun,30.4,0.0,14.4,30.666666666666668,1.8999697517253449
2023-03-20,Dehradun,29.7,0.0,5.9,30.583333333333332,1.8247500222436395
2023-03-21,Dehradun,31.5,0.0,6.6,30.613333333333333,1.8256285329250002
2023-03-22,Dehradun,27.7,0.0,9.6,30.723333333333336,1.9627010476124114
2023-03-23,Dehradun,29.8,0.0,10.7,30.763333333333332,1.9405799583404575
2023-03-24,Dehradun,30.5,0.0,8.0,30.763333333333332,1.9405799583404575
2023-03-25,Dehradun,29.2,0.0,6.3,31.029999999999998,2.244249356113044
2023-03-26,Dehradun,34.3,0.0,8.6,31.02333333333333,2.2384852226347265
2023-03-27,Dehradun,27.6,5.2,12.5,30.740000000000002,2.0798872648494124
2023-03-28,Dehradun,31.8,0.0,17.6,31.030000000000005,2.187448521561772
2023-03-29,Dehradun,29.7,0.0,8.5,31.076666666666664,2.186271165522572
2023-03-30,Dehradun,30.5,0.0,5.1,30.983333333333334,2.2356181484652398
2023-03-31,Dehradun,29.6,0.0,9.2,31.073333333333334,2.2859289718553897
2023-04-01,Dehradun,29.7,2.6,7.1,31.086666666666666,2.2872560481688713
2023-04-02,Dehradun,31.7,0.0,7.3,31.143333333333334,2.316162601244206
2023-04-03,Dehradun,31.0,1.2,13.5,31.153333333333332,2.316170045173917
2023-04-04,Dehradun,31.1,0.0,6.7,31.15333333333333,2.316170045173917
2023-04-05,Dehradun,34.6,0.0,9.1,31.18,2.303430724690522
2023-04-06,Dehradun,30.3,0.0,6.3,31.266666666666666,2.364002061574073
2023-04-07,Dehradun,30.4,2.6,10.4,31.439999999999998,2.2827086149330778
2023-04-08,Dehradun,37.2,0.0,10.7,31.363333333333333,2.3763900953036954
2023-04-09,Dehradun,32.8,0.0,12.5,31.496666666666666,2.437704309150438
2023-04-10,Dehradun,27.8,1.8,5.8,31.50333333333333,2.4314722847000345
2023-04-11,Dehradun,36.0,0.0,11.7,31.42,2.3744908710188297
2023-04-12,Dehradun,31.7,0.0,8.8,31.546666666666667,2.2623962477004853
2023-04-13,Dehradun,28.5,0.6,11.8,31.630000000000003,2.3174227658893214
2023-04-14,Dehradun,33.6,0.0,9.5,31.793333333333333,2.3491646840193487
2023-04-15,Dehradun,31.5,0.0,5.2,31.813333333333333,2.340311404763139
2023-04-16,Dehradun,33.1,0.0,8.5,31.919999999999998,2.308664339933982
2023-04-17,Dehradun,31.3,0.0,6.3,32.0,2.2703485984801417
2023-04-18,Dehradun,30.4,0.0,8.7,31.813333333333333,2.513101303354003
2023-04-19,Dehradun,30.5,0.0,8.6,31.85666666666667,2.5097991859953734
2023-04-20,Dehradun,34.1,0.6,7.1,31.896666666666665,2.506884772854123
2023-04-21,Dehradun,32.9,0.0,12.4,31.863333333333333,2.476159893078798
2023-04-22,Dehradun,27.5,0.0,10.0,31.94,2.461650693727907
2023-04-23,Dehradun,34.5,0.0,9.4,31.923333333333336,2.474098001199686
2023-04-24,Dehradun,29.4,2.9,10.3,31.74,2.2645087767549157
2023-04-25,Dehradun,31.8,0.7,7.3,31.733333333333334,2.261573046283981
2023-04-26,Dehradun,31.4,0.0,6.3,31.86,2.136642548324448
2023-04-27,Dehradun,34.3,1.8,9.1,31.69333333333333,1.9927339274843419
2023-04-28,Dehradun,34.6,0.0,8.5,31.633333333333333,2.0194456961107603
2023-04-29,Dehradun,31.1,0.8,6.8,31.746666666666666,1.9310053363974546
2023-04-30,Dehradun,32.8,0.0,7.9,31.68,1.8990741846017318
2023-05-01,Dehradun,32.1,0.0,7.9,31.686666666666667,1.8987715326845873
2023-05-02,Dehradun,26.1,0.0,6.8,31.65,1.8810763609864731
2023-05-03,Dehradun,32.3,0.0,9.1,31.62,1.8939832137041621
2023-05-04,Dehradun,32.3,0.0,9.6,31.633333333333333,1.8864916047289175
2023-05-05,Dehradun,33.6,0.0,10.8,31.71,1.8855804923427406
2023-05-06,Dehradun,32.6,0.0,6.1,31.726666666666667,1.9094923198432285
2023-05-07,Dehradun,29.9,0.0,14.4,31.633333333333333,1.9185722660952669
2023-05-08,Dehradun,31.7,0.0,9.8,31.766666666666666,1.7532891913503013
2023-05-09,Dehradun,32.6,0.0,16.4,31.540000000000003,1.8257922229485346
2023-05-10,Dehradun,31.6,0.3,7.5,31.589999999999996,1.7852557046637674
2023-05-11,Dehradun,31.0,0.0,10.0,31.459999999999997,1.9072637920366002
2023-05-12,Dehradun,29.9,0.0,7.4,31.386666666666667,1.9514333076031642
2023-05-13,Dehradun,31.9,0.0,9.3,31.21333333333333,1.914325906986831
2023-05-14,Dehradun,31.6,0.0,13.7,31.073333333333334,1.8087780850396136
2023-05-15,Dehradun,31.7,0.0,8.5,30.94333333333333,1.9420364947977844
2023-05-16,Dehradun,32.0,3.3,11.9,30.910000000000004,1.917496571952165
2023-05-17,Dehradun,30.4,0.0,7.6,30.763333333333332,1.9902318931485774
2023-05-18,Dehradun,30.8,0.9,8.2,30.83,1.8577238575833892
2023-05-19,Dehradun,32.8,0.0,8.3,30.543333333333333,2.246020746877089
2023-05-20,Dehradun,34.6,0.0,11.5,30.36,2.3209094531358145
2023-05-21,Dehradun,30.1,0.0,10.6,30.133333333333333,2.325619432995528
2023-05-22,Dehradun,31.5,0.0,10.5,29.910000000000004,2.4010558022497603
2023-05-23,Dehradun,27.7,0.0,8.8,29.746666666666666,2.5629634428129084
2023-05-24,Dehradun,30.9,0.0,6.0,29.64,2.545394759709899
2023-05-25,Dehradun,27.9,0.0,11.6,29.35666666666667,2.674358876871022
2023-05-26,Dehradun,29.2,0.0,7.1,29.183333333333334,2.6924009709747407
2023-05-27,Dehradun,29.1,0.0,9.6,29.083333333333332,2.6782757362788856
2023-05-28,Dehradun,30.4,0.0,6.0,28.990000000000002,2.6975531697166324
2023-05-29,Dehradun,27.2,6.0,5.5,28.816666666666666,2.6710560139924113
2023-05-30,Dehradun,31.8,0.0,16.5,28.723333333333336,2.618855150414116
2023-05-31,Dehradun,27.7,0.0,7.5,28.426666666666666,2.769779442648729
2023-06-01,Dehradun,28.1,0.6,9.3,28.263333333333332,2.695268310274095
2023-06-02,Dehradun,23.7,8.2,6.3,28.123333333333335,2.689530574773902
2023-06-03,Dehradun,26.8,13.1,10.3,28.0,2.6470543159754185
2023-06-04,Dehradun,26.8,3.3,6.1,27.68,2.6269688839499645
2023-06-05,Dehradun,25.9,0.0,9.7,27.33,2.3590106049958086
2023-06-06,Dehradun,25.0,0.0,6.6,27.213333333333335,2.3031812082771186
2023-06-07,Dehradun,28.5,19.8,5.8,27.01,2.177526277603808
2023-06-08,Dehradun,24.1,59.0,6.4,27.040000000000003,2.1935013735719413
2023-06-09,Dehradun,26.4,1.2,8.5,26.903333333333332,2.0688966463632865
2023-06-10,Dehradun,28.0,1.7,9.1,26.79666666666667,2.0980258920418686
2023-06-11,Dehradun,27.1,1.6,6.3,26.596666666666668,2.1464458728459435
2023-06-12,Dehradun,26.7,0.0,10.0,26.470000000000002,2.1053544217967715
2023-06-13,Dehradun,28.8,11.1,10.4,26.316666666666666,1.9725850942412833
2023-06-14,Dehradun,22.8,41.3,5.4,26.34666666666667,1.99321838749039
2023-06-15,Dehradun,27.1,25.2,6.3,26.21333333333333,1.7325948913324096
2023-06-16,Dehradun,26.2,31.4,5.3,26.276666666666667,1.8212696089557003
2023-06-17,Dehradun,27.1,0.0,6.5,25.99666666666667,2.1477306922509336
2023-06-18,Dehradun,23.2,0.0,7.1,25.926666666666666,2.256627531537237
2023-06-19,Dehradun,24.1,2.3,9.0,25.683333333333334,2.535551811441767
2023-06-20,Dehradun,26.6,25.8,15.2,25.48,2.6832044660995225
2023-06-21,Dehradun,25.4,51.7,11.4,25.256666666666668,2.915793301095348
2023-06-22,Dehradun,28.6,0.0,11.5,25.073333333333334,3.0996032374942626
2023-06-23,Dehradun,26.8,20.3,6.6,24.75,3.232885974502933
2023-06-24,Dehradun,24.7,0.0,6.3,24.566666666666666,3.4214670510775105
2023-06-25,Dehradun,23.2,0.0,12.1,24.203333333333333,3.7800276712482046
2023-06-26,Dehradun,25.3,0.6,9.8,23.89333333333333,3.8388156698552556
2023-06-27,Dehradun,25.8,0.0,7.2,23.736666666666668,3.7991363204824604
2023-06-28,Dehradun,28.1,30.0,16.7,23.54666666666667,3.788342675878842
2023-06-29,Dehradun,27.8,0.0,16.4,23.246666666666666,3.713603448769462
2023-06-30,Dehradun,29.6,2.8,14.2,23.206666666666667,3.725025649838377
2023-07-01,Dehradun,19.7,1.3,11.4,22.9,3.7718558498070855
2023-07-02,Dehradun,21.6,28.2,7.9,22.706666666666663,3.745427864084057
2023-07-03,Dehradun,19.5,51.5,5.6,22.466666666666665,3.6843876891117127
2023-07-04,Dehradun,20.7,2.5,8.3,22.259999999999998,3.813460732539469
2023-07-05,Dehradun,19.2,0.0,6.1,22.046666666666667,3.8853157092981916
2023-07-06,Dehradun,19.5,9.1,11.9,21.736666666666665,3.880497953589958
2023-07-07,Dehradun,18.8,0.0,6.6,21.456666666666663,3.909994561538944
2023-07-08,Dehradun,18.6,4.3,6.9,21.25,3.676275288930325
2023-07-09,Dehradun,15.5,2.5,5.3,21.113333333333333,3.5363855825553707
2023-07-10,Dehradun,18.7,0.0,8.3,21.056666666666665,3.490250789658586
2023-07-11,Dehradun,22.4,20.8,7.2,20.943333333333335,3.4734146305044025
2023-07-12,Dehradun,21.0,0.0,8.9,20.759999999999998,3.379410272977103
2023-07-13,Dehradun,19.8,0.0,6.7,20.513333333333332,3.267049004132326
2023-07-14,Dehradun,21.6,35.2,10.0,20.276666666666664,2.9392332255237434
2023-07-15,Dehradun,17.9,1.9,9.0,19.993333333333336,2.5762754903733724
2023-07-16,Dehradun,20.4,16.1,7.8,19.723333333333336,1.8594925769354027
2023-07-17,Dehradun,19.9,0.8,9.6,19.71333333333333,1.8604288221532566
2023-07-18,Dehradun,17.0,3.8,5.1,19.35,2.450158334081424
2023-07-19,Dehradun,17.7,53.2,7.6,19.243333333333336,2.5122710337712624
2023-07-20,Dehradun,17.3,0.0,6.8,19.096666666666668,2.552413777574809
2023-07-21,Dehradun,17.0,19.7,9.2,19.009999999999998,2.592608857821568
2023-07-22,Dehradun,22.4,7.1,8.7,18.796666666666667,2.805472894347621
2023-07-23,Dehradun,22.7,0.0,7.3,18.69333333333333,2.8618698171954615
2023-07-24,Dehradun,23.0,1.3,7.2,18.476666666666667,3.1049108303407817
2023-07-25,Dehradun,19.8,7.6,8.2,18.306666666666665,3.3991817811951246
2023-07-26,Dehradun,19.8,30.7,6.5,18.293333333333337,3.398370129963708
2023-07-27,Dehradun,18.4,17.1,5.9,18.046666666666667,3.3583383959346405
2023-07-28,Dehradun,21.0,7.6,11.5,17.769999999999996,3.4473528074901187
2023-07-29,Dehradun,19.3,17.5,9.6,17.60666666666667,3.4638958865190124
2023-07-30,Dehradun,21.5,4.8,15.4,17.32,3.477851100300547
2023-07-31,Dehradun,19.4,6.1,5.3,17.23,3.4972057811718376
2023-08-01,Dehradun,10.7,7.8,11.9,17.110000000000003,3.446072226913287
2023-08-02,Dehradun,16.3,6.3,6.0,16.89,3.472388624365127
2023-08-03,Dehradun,16.3,12.5,8.7,16.773333333333333,3.5269341314824323
2023-08-04,Dehradun,16.6,5.5,9.3,16.79,3.532640899403388
2023-08-05,Dehradun,13.1,28.5,5.6,16.8,3.5345584516705206
2023-08-06,Dehradun,15.7,13.1,9.0,16.696666666666665,3.5736085629121703
2023-08-07,Dehradun,12.1,9.1,14.6,16.556666666666665,3.421502325137188
2023-08-08,Dehradun,10.4,8.8,5.9,16.31,3.2244058527809307
2023-08-09,Dehradun,18.3,12.9,12.4,16.046666666666667,2.9719067759701203
2023-08-10,Dehradun,15.0,1.3,13.8,15.796666666666669,2.960717915423941
2023-08-11,Dehradun,12.7,15.5,7.4,15.656666666666666,2.8625625526467946
2023-08-12,Dehradun,14.9,47.5,13.2,15.590000000000002,2.819433790063417
2023-08-13,Dehradun,13.0,0.0,6.0,15.370000000000001,2.634145808024049
2023-08-14,Dehradun,15.2,27.7,7.3,15.180000000000001,2.5449612150692067
2023-08-15,Dehradun,16.8,8.1,8.6,14.95,2.2486394353796393
2023-08-16,Dehradun,13.3,73.4,9.8,14.826666666666666,2.092174802041762
2023-08-17,Dehradun,13.5,7.7,6.3,14.956666666666667,1.9427466041189538
2023-08-18,Dehradun,18.2,0.0,14.4,14.72,2.1901661092726576
2023-08-19,Dehradun,17.6,5.1,5.8,14.446666666666667,2.478839179567838
2023-08-20,Dehradun,13.9,0.0,8.5,14.233333333333333,2.5611599383647814
2023-08-21,Dehradun,18.2,14.3,13.1,14.13,2.668739855023853
2023-08-22,Dehradun,15.3,0.0,7.5,13.806666666666667,3.0345065307323207
2023-08-23,Dehradun,15.1,22.8,8.8,13.780000000000001,3.0534773845454737
2023-08-24,Dehradun,12.3,36.0,6.9,13.846666666666666,2.998474708032782
2023-08-25,Dehradun,15.6,21.7,7.3,13.543333333333333,2.992713373066817
2023-08-26,Dehradun,16.4,25.1,6.0,13.443333333333332,2.9924829194146016
2023-08-27,Dehradun,14.4,0.0,12.6,13.419999999999998,3.0011951642292
2023-08-28,Dehradun,13.6,0.7,6.5,13.31,3.0055523331969844
2023-08-29,Dehradun,14.6,31.8,5.3,13.3,3.007117992478727
2023-08-30,Dehradun,15.7,5.8,6.6,13.143333333333334,3.0270827350862257
2023-08-31,Dehradun,14.6,1.9,8.8,12.926666666666668,2.9887067129599028
2023-09-01,Dehradun,9.2,9.9,6.6,12.663333333333332,3.2877498156907174
2023-09-02,Dehradun,8.1,0.0,5.5,12.643333333333334,3.284307866342492
2023-09-03,Dehradun,10.2,0.0,9.7,12.29,3.2357219521652
2023-09-04,Dehradun,10.0,0.0,5.9,12.043333333333331,3.0960133802318013
2023-09-05,Dehradun,6.0,0.0,7.4,11.913333333333332,3.0972438619245852
2023-09-06,Dehradun,11.3,0.0,6.0,11.563333333333334,2.952203540937865
2023-09-07,Dehradun,12.4,0.0,13.5,11.346666666666666,2.906678793605347
2023-09-08,Dehradun,9.2,0.0,8.3,11.09,2.903784688512737
2023-09-09,Dehradun,12.0,13.6,7.8,11.076666666666664,2.8989514553075084
2023-09-10,Dehradun,12.0,14.6,7.1,10.816666666666666,2.8281934447486394
2023-09-11,Dehradun,11.6,3.7,6.6,10.586666666666666,2.632257891847803
2023-09-12,Dehradun,12.7,55.6,5.5,10.526666666666667,2.5619137961395597
2023-09-13,Dehradun,10.5,2.7,9.2,10.383333333333333,2.5036639817141935
2023-09-14,Dehradun,10.3,12.5,6.2,10.163333333333334,2.4085312928225333
2023-09-15,Dehradun,5.4,3.1,8.0,10.083333333333334,2.253133195219922
2023-09-16,Dehradun,12.9,1.3,9.4,9.876666666666667,2.103967243309453
2023-09-17,Dehradun,7.6,0.0,8.9,9.643333333333334,2.527187796923525
2023-09-18,Dehradun,10.2,5.0,11.7,9.69,2.510577622779196
2023-09-19,Dehradun,10.0,1.6,12.2,9.53,2.6271985866684577
2023-09-20,Dehradun,7.7,3.4,9.2,9.543333333333333,2.63067885998414
2023-09-21,Dehradun,8.8,0.0,7.6,9.606666666666666,2.564469876431789
2023-09-22,Dehradun,7.4,4.8,13.5,9.49,2.564391438192598
2023-09-23,Dehradun,11.9,14.1,6.7,9.446666666666667,2.5241910050320473
2023-09-24,Dehradun,7.8,7.9,15.5,9.35,2.5886689430190497
2023-09-25,Dehradun,9.5,31.5,9.9,9.23,2.544656334766761
2023-09-26,Dehradun,12.6,0.0,9.7,9.07,2.5152157650641476
2023-09-27,Dehradun,9.3,9.7,11.4,9.013333333333332,2.4750804004123554
2023-09-28,Dehradun,8.0,0.0,8.7,8.896666666666668,2.3758096018762647
2023-09-29,Dehradun,13.3,80.8,7.2,8.663333333333334,2.5502512835395343
2023-09-30,Dehradun,8.4,6.4,9.8,8.566666666666666,2.5410197970883743
2023-10-01,Dehradun,2.2,1.7,10.1,8.746666666666666,2.4998942506369057
2023-10-02,Dehradun,9.5,1.2,7.6,8.616666666666667,2.3747353149544046
2023-10-03,Dehradun,5.4,0.0,10.8,8.59,2.3909816192200046
2023-10-04,Dehradun,10.4,0.0,7.1,8.386666666666667,2.5059561233097565
2023-10-05,Dehradun,7.9,0.6,7.9,8.296666666666667,2.494474353215566
2023-10-06,Dehradun,7.8,0.0,6.7,8.3,2.4937162408050386
2023-10-07,Dehradun,11.1,0.0,11.1,8.143333333333334,2.6063163770868085
2023-10-08,Dehradun,6.3,0.0,7.0,8.066666666666666,2.662165741793935
2023-10-09,Dehradun,8.4,0.0,6.2,7.896666666666666,2.570184930060926
2023-10-10,Dehradun,7.2,0.0,8.7,7.836666666666668,2.5934244879526154
2023-10-11,Dehradun,9.9,7.4,13.1,7.873333333333334,2.6253319439818643
2023-10-12,Dehradun,9.2,0.0,7.5,7.586666666666668,2.560136490614193
2023-10-13,Dehradun,3.5,0.0,7.1,7.506666666666666,2.5421865871091764
2023-10-14,Dehradun,7.4,0.0,7.2,7.52,2.5459094980798973
2023-10-15,Dehradun,10.8,0.0,6.3,7.279999999999999,2.3107544670293714
2023-10-16,Dehradun,9.0,0.0,7.3,7.156666666666667,2.347365850646476
2023-10-17,Dehradun,6.8,0.3,6.1,7.306666666666667,2.1556554860905504
2023-10-18,Dehradun,4.1,0.6,10.5,7.3966666666666665,2.3017959005558537
2023-10-19,Dehradun,7.3,0.0,6.2,7.54,2.3070506623436624
2023-10-20,Dehradun,7.8,9.6,9.8,7.533333333333333,2.298775286123373
2023-10-21,Dehradun,4.1,0.0,8.7,7.58,2.3205825665714856
2023-10-22,Dehradun,5.1,0.5,6.3,7.656666666666666,2.3656570616496753
2023-10-23,Dehradun,6.8,0.0,7.6,7.6866666666666665,2.4160003044834264
2023-10-24,Dehradun,6.0,0.0,7.9,7.829999999999999,2.4580830770730153
2023-10-25,Dehradun,10.6,0.0,7.8,7.913333333333333,2.5196788702521284
2023-10-26,Dehradun,4.0,3.8,7.7,7.989999999999999,2.5321859168001506
2023-10-27,Dehradun,6.9,0.0,10.3,7.926666666666666,2.506396414876423
2023-10-28,Dehradun,8.4,0.0,15.2,7.9766666666666675,2.5473019307566234
2023-10-29,Dehradun,6.1,0.0,13.8,8.146666666666667,2.404411654084735
2023-10-30,Dehradun,4.7,0.4,6.0,8.166666666666666,2.400478879426843
2023-10-31,Dehradun,6.7,0.0,5.7,8.013333333333332,2.3732319492744725
2023-11-01,Dehradun,12.2,1.0,7.0,8.016666666666666,2.3747353149544046
2023-11-02,Dehradun,9.7,2.2,7.7,8.13,2.3957073680028387
2023-11-03,Dehradun,10.2,0.0,11.5,8.35,2.3145342869607437
2023-11-04,Dehradun,9.3,3.9,6.6,8.4,2.307259906439174
2023-11-05,Dehradun,10.1,0.0,11.7,8.443333333333333,2.3078103270734283
2023-11-06,Dehradun,12.0,1.0,8.2,8.686666666666666,2.2171328694778705
2023-11-07,Dehradun,10.6,0.0,5.4,8.956666666666667,2.25811690441895
2023-11-08,Dehradun,10.9,0.0,6.7,9.069999999999999,2.23130547839839
2023-11-09,Dehradun,9.5,1.6,9.0,9.276666666666666,2.224267928126373
2023-11-10,Dehradun,8.0,0.0,8.5,9.186666666666667,2.223500398693047
2023-11-11,Dehradun,10.7,0.0,8.7,9.363333333333335,1.9961140409223737
2023-11-12,Dehradun,8.6,1.4,20.5,9.559999999999999,2.0353090081411027
2023-11-13,Dehradun,8.0,0.0,8.8,9.68,2.070382273547646
2023-11-14,Dehradun,6.2,0.0,7.7,9.843333333333332,1.969015741050684
2023-11-15,Dehradun,9.1,0.0,13.1,10.056666666666667,1.724005627107544
2023-11-16,Dehradun,10.2,0.0,9.6,10.18,1.6037456157382388
2023-11-17,Dehradun,10.7,0.3,9.4,10.233333333333333,1.69712400403067
2023-11-18,Dehradun,8.8,1.7,10.8,10.37,1.813769175140342
2023-11-19,Dehradun,9.1,0.0,7.6,10.409999999999998,1.8230989153559483
2023-11-20,Dehradun,11.4,2.6,15.8,10.603333333333332,2.0002557307767836
2023-11-21,Dehradun,13.2,0.0,6.8,10.74,2.1021499667621804
2023-11-22,Dehradun,10.2,0.0,7.1,10.893333333333334,2.3503386892153655
2023-11-23,Dehradun,12.2,0.0,8.4,11.113333333333333,2.6158315528036757
2023-11-24,Dehradun,7.9,0.0,8.7,11.163333333333332,2.625929501552935
2023-11-25,Dehradun,9.3,1.0,7.4,11.223333333333333,2.6071100836952312
2023-11-26,Dehradun,12.8,4.3,10.3,11.343333333333334,2.5354974120350406
2023-11-27,Dehradun,12.0,1.1,8.8,11.353333333333333,2.5334633965401596
2023-11-28,Dehradun,11.0,2.1,12.4,11.546666666666665,2.5374074922268197
2023-11-29,Dehradun,11.1,0.0,14.1,11.713333333333333,2.4594270896277863
2023-11-30,Dehradun,10.4,0.0,9.6,11.733333333333333,2.4150866812933485
2023-12-01,Dehradun,13.8,0.0,7.8,11.796666666666665,2.368104630338255
2023-12-02,Dehradun,13.8,0.0,8.4,11.886666666666665,2.3566096824467766
2023-12-03,Dehradun,11.4,0.0,5.5,11.91,2.3479044214817155
2023-12-04,Dehradun,15.1,0.0,7.0,12.16,2.403962246533463
2023-12-05,Dehradun,14.2,0.7,6.3,12.316666666666666,2.3502139790083008
2023-12-06,Dehradun,16.6,0.0,8.8,12.363333333333333,2.3452789457403407
2023-12-07,Dehradun,17.2,0.0,7.6,12.466666666666667,2.4493958908034132
2023-12-08,Dehradun,12.4,0.0,6.2,12.610000000000001,2.437968345810093
2023-12-09,Dehradun,11.3,0.0,10.6,12.673333333333336,2.4515910855145275
2023-12-10,Dehradun,11.6,0.7,13.2,12.983333333333333,2.414908198916676
2023-12-11,Dehradun,11.0,0.0,7.5,13.156666666666666,2.326412560638897
2023-12-12,Dehradun,14.4,1.3,7.2,13.153333333333334,2.3270127859009944
2023-12-13,Dehradun,13.0,0.0,7.5,13.270000000000001,2.3547677241040863
2023-12-14,Dehradun,6.8,0.0,9.5,13.366666666666667,2.31759883668759
2023-12-15,Dehradun,11.0,0.0,7.2,13.476666666666667,2.2843822576027315
2023-12-16,Dehradun,12.9,0.0,6.5,13.623333333333335,2.220388803066072
2023-12-17,Dehradun,11.4,0.0,12.0,13.536666666666667,2.2635771710270847
2023-12-18,Dehradun,16.3,0.0,7.2,13.713333333333333,2.481202897002083
2023-12-19,Dehradun,13.8,0.0,11.5,14.016666666666667,2.732194183704891
2023-12-20,Dehradun,12.8,0.0,9.3,14.126666666666667,2.841555345512166
2023-12-21,Dehradun,16.3,0.0,13.1,14.16,2.8483025798195083
2023-12-22,Dehradun,14.5,0.0,14.0,14.173333333333334,2.8610262606916748
2023-12-23,Dehradun,14.1,0.0,8.7,14.263333333333332,2.9986759530272584
2023-12-24,Dehradun,17.2,3.0,10.6,14.543333333333333,3.2038428793250557
2023-12-25,Dehradun,14.5,0.0,9.8,14.673333333333334,3.1463096427109107
2023-12-26,Dehradun,12.7,0.0,9.7,14.986666666666666,3.294272284595952
2023-12-27,Dehradun,15.5,0.0,12.2,15.253333333333332,3.2842081219839443
2023-12-28,Dehradun,13.9,0.0,8.4,15.63,3.791746936121365
2023-12-29,Dehradun,14.4,0.0,16.0,16.003333333333334,4.065369587756693
2023-12-30,Dehradun,14.8,0.0,9.5,16.49,3.790218809078072
2023-12-31,Dehradun,11.2,0.1,10.3,16.736666666666668,3.6591390859837856
2024-01-01,Dehradun,19.1,0.0,10.2,16.966666666666665,3.626372114475184
2024-01-02,Dehradun,20.5,0.6,8.5,17.34,3.6100052536019973
2024-01-03,Dehradun,18.4,1.0,7.4,17.45,3.6274575498359187
2024-01-04,Dehradun,15.2,0.0,12.9,17.573333333333334,3.5613764612646763
2024-01-05,Dehradun,17.0,0.0,6.0,17.88,3.5321576877362113
2024-01-06,Dehradun,19.9,0.0,5.4,18.009999999999998,3.5437511783126983
2024-01-07,Dehradun,20.8,3.8,7.8,18.236666666666668,3.528942728581569
2024-01-08,Dehradun,15.2,0.0,8.6,18.346666666666668,3.44601052026059
2024-01-09,Dehradun,21.0,0.0,8.6,18.393333333333334,3.439419892278614
2024-01-10,Dehradun,19.0,0.0,11.5,18.576666666666668,3.370632124622882
2024-01-11,Dehradun,25.7,0.0,7.1,18.83,3.1947316545880837
2024-01-12,Dehradun,24.2,0.0,8.1,18.90666666666667,3.139177723801047
2024-01-13,Dehradun,21.4,0.0,8.2,19.163333333333334,3.028540485326867
2024-01-14,Dehradun,18.4,0.0,8.0,19.303333333333335,2.8948805386980756
2024-01-15,Dehradun,19.8,2.3,10.4,19.563333333333333,2.825924729130655
2024-01-16,Dehradun,22.6,0.0,6.5,20.01,2.4984615956278184
2024-01-17,Dehradun,19.6,0.0,7.9,20.09,2.5067288754813375
2024-01-18,Dehradun,17.5,0.0,5.6,20.263333333333332,2.707777219651551
2024-01-19,Dehradun,22.0,0.0,7.1,20.46,2.781044209744109
2024-01-20,Dehradun,20.2,0.2,9.7,20.896666666666665,2.9499834404365863
2024-01-21,Dehradun,21.3,10.8,8.8,21.053333333333335,2.8593142815925363
2024-01-22,Dehradun,17.4,0.0,10.7,21.246666666666666,2.972486864717662
2024-01-23,Dehradun,18.6,2.4,10.9,21.39333333333333,3.0570363531314615
2024-01-24,Dehradun,20.0,5.0,15.5,21.683333333333334,2.8552532749945843
2024-01-25,Dehradun,20.3,0.0,15.2,22.003333333333334,3.2820812712764806
2024-01-26,Dehradun,17.8,0.0,7.0,22.236666666666668,3.3099102324875673
2024-01-27,Dehradun,21.6,0.0,9.2,22.313333333333333,3.417776382722883
2024-01-28,Dehradun,18.6,0.0,7.2,22.410000000000004,3.5126716426339906
2024-01-29,Dehradun,22.6,0.0,10.0,22.55333333333333,3.557481997272649
2024-01-30,Dehradun,24.6,0.0,10.1,22.866666666666667,3.5928409020058045
2024-01-31,Dehradun,21.5,0.0,12.9,23.116666666666667,3.632808672442598
2024-02-01,Dehradun,25.7,1.6,6.6,23.19,3.6442065500338727
2024-02-02,Dehradun,24.3,0.0,11.9,23.466666666666665,3.677174077386292
2024-02-03,Dehradun,28.3,0.0,13.9,23.743333333333332,3.5217240422674343
2024-02-04,Dehradun,21.7,0.0,8.0,23.87,3.52519503006563
2024-02-05,Dehradun,25.7,0.0,6.5,23.943333333333335,3.468646097128655
2024-02-06,Dehradun,25.2,0.0,6.0,24.236666666666668,3.606744958463477
2024-02-07,Dehradun,23.9,0.0,8.3,24.48,3.3679421733096935
2024-02-08,Dehradun,30.6,0.0,15.9,24.73,3.1900870164328103
2024-02-09,Dehradun,26.0,1.2,6.1,24.916666666666668,3.0651639246632247
2024-02-10,Dehradun,28.0,0.0,5.2,25.05666666666667,2.94040618040204
2024-02-11,Dehradun,27.1,0.0,10.3,25.37333333333333,2.6267763557234725
2024-02-12,Dehradun,25.7,0.1,9.2,25.443333333333335,2.549602177667566
2024-02-13,Dehradun,27.8,2.0,7.9,25.810000000000002,2.3113438395935293
2024-02-14,Dehradun,27.3,0.0,10.4,25.84,2.2737785656296023
2024-02-15,Dehradun,24.8,1.7,9.1,25.896666666666665,2.2629677391657874
2024-02-16,Dehradun,27.9,0.0,8.1,26.15,2.17758961967665
2024-02-17,Dehradun,25.8,0.0,8.6,26.203333333333333,2.185766390226329
2024-02-18,Dehradun,25.8,0.0,5.7,26.453333333333333,2.3807754942502117
2024-02-19,Dehradun,22.4,0.0,12.4,26.52,2.460922170860719
2024-02-20,Dehradun,30.1,8.9,5.8,26.790000000000003,2.355968210077524
2024-02-21,Dehradun,24.7,0.0,7.2,26.990000000000002,2.509890779324325
2024-02-22,Dehradun,26.1,0.0,9.9,27.146666666666665,2.5408026607587755
2024-02-23,Dehradun,25.6,0.0,6.3,27.313333333333336,2.483842036919245
2024-02-24,Dehradun,24.5,0.0,7.3,27.266666666666666,2.432585304643425
2024-02-25,Dehradun,27.3,0.0,8.0,27.40666666666667,2.477614722397936
2024-02-26,Dehradun,23.7,0.0,6.3,27.533333333333335,2.602960295288788
2024-02-27,Dehradun,29.6,0.0,9.6,27.64,2.649736486572803
2024-02-28,Dehradun,23.5,0.6,12.8,27.860000000000003,2.7550079792110505
2024-02-29,Dehradun,26.3,0.0,7.5,27.96333333333333,2.810262392134049
2024-03-01,Dehradun,29.1,0.0,7.8,28.07,2.8447350037180295
2024-03-02,Dehradun,27.3,0.0,14.2,28.326666666666664,2.8865841086119866
2024-03-03,Dehradun,31.8,1.1,13.4,28.36,2.8872609618924763
2024-03-04,Dehradun,30.3,0.0,7.2,28.540000000000003,2.8904837919842135
2024-03-05,Dehradun,29.8,0.0,14.1,28.669999999999998,2.8504264653700604
2024-03-06,Dehradun,31.7,0.8,6.6,28.896666666666665,2.593424487952548
2024-03-07,Dehradun,29.9,0.0,5.2,28.819999999999997,2.5906196835558246
2024-03-08,Dehradun,28.9,0.0,6.8,28.970000000000002,2.471374041939363
2024-03-09,Dehradun,29.2,0.0,6.0,29.096666666666668,2.4159646225618765
2024-03-10,Dehradun,30.2,4.6,11.0,29.206666666666663,2.3246702893146534
2024-03-11,Dehradun,31.8,0.0,9.4,29.470000000000002,2.218130620201421
2024-03-12,Dehradun,30.3,10.3,6.0,29.686666666666667,2.314233817253307
2024-03-13,Dehradun,32.3,0.0,8.1,29.883333333333333,2.019915213879938
2024-03-14,Dehradun,30.9,0.0,8.9,29.959999999999997,2.0521813457541547
2024-03-15,Dehradun,30.5,0.0,9.0,30.30333333333333,1.7773446550930287
2024-03-16,Dehradun,32.5,4.6,5.6,30.42,1.6127509160563598
2024-03-17,Dehradun,28.9,0.0,5.4,30.38,1.6607850241831343
2024-03-18,Dehradun,31.2,0.0,14.7,30.543333333333337,1.5867301735573713
2024-03-19,Dehradun,29.7,0.2,12.5,30.419999999999998,1.628919675841653
2024-03-20,Dehradun,29.2,0.0,14.1,30.456666666666667,1.6384777067148475
2024-03-21,Dehradun,27.8,0.0,6.6,30.619999999999997,1.806387135349968
2024-03-22,Dehradun,29.2,0.0,5.8,30.65,1.8322305983463119
2024-03-23,Dehradun,29.9,0.0,15.9,30.7,1.8315247087112774
2024-03-24,Dehradun,28.9,0.0,8.3,30.87333333333333,1.9000786432603118
2024-03-25,Dehradun,32.4,0.0,7.6,31.006666666666668,1.918859814708979
2024-03-26,Dehradun,33.8,0.0,14.1,31.05333333333333,1.9155864022191862
2024-03-27,Dehradun,29.6,0.0,8.3,31.12,1.976307947524247
2024-03-28,Dehradun,31.9,0.0,6.8,31.223333333333333,2.0126639292125366
2024-03-29,Dehradun,33.8,0.0,6.3,31.166666666666668,2.0052230649553953
2024-03-30,Dehradun,29.8,0.9,12.9,31.153333333333332,2.00838472295562
2024-03-31,Dehradun,27.9,0.0,10.5,31.196666666666665,2.0078266399495694
2024-04-01,Dehradun,32.2,0.0,7.2,31.15666666666667,1.992863705105209
2024-04-02,Dehradun,28.1,0.0,7.7,31.293333333333337,1.9732579979404623
2024-04-03,Dehradun,31.4,7.9,7.7,31.423333333333336,2.0918039291865136
2024-04-04,Dehradun,34.7,0.0,9.6,31.55,2.0988913329625762
2024-04-05,Dehradun,32.6,0.0,8.2,31.64333333333333,2.05253137795028
2024-04-06,Dehradun,31.4,0.0,9.3,31.783333333333335,1.9203238472091433
2024-04-07,Dehradun,34.1,0.0,5.1,31.86,1.8585496755671955
2024-04-08,Dehradun,33.2,0.0,12.4,32.0,1.8639964481242683
2024-04-09,Dehradun,31.6,0.0,15.3,32.03333333333333,1.814944348597208
2024-04-10,Dehradun,33.8,0.0,8.8,31.95333333333333,1.8507656073453858
2024-04-11,Dehradun,33.4,0.0,7.6,31.9,1.8184874351293554
2024-04-12,Dehradun,30.6,3.8,7.1,32.07333333333334,1.8394027016533845
2024-04-13,Dehradun,30.5,0.0,6.5,32.17666666666666,1.9148572168490083
2024-04-14,Dehradun,31.8,0.0,12.0,32.093333333333334,1.8960818644723132
2024-04-15,Dehradun,31.3,0.0,8.4,32.193333333333335,1.8494982233460264
2024-04-16,Dehradun,33.0,0.0,8.7,32.27,1.7076198397888689
2024-04-17,Dehradun,35.1,0.0,12.1,32.11333333333333,1.9170259533314404
2024-04-18,Dehradun,33.5,0.0,7.7,32.156666666666666,1.836166045630304
2024-04-19,Dehradun,32.0,0.0,9.3,31.966666666666665,2.1798977092945684
2024-04-20,Dehradun,32.0,0.0,8.0,31.94,2.1499959903729797
2024-04-21,Dehradun,31.5,0.0,6.3,31.896666666666665,2.149335636460747
2024-04-22,Dehradun,34.1,1.3,5.9,31.82,2.207885554255216
2024-04-23,Dehradun,29.9,0.0,12.3,31.763333333333332,2.1688203266279604
2024-04-24,Dehradun,30.0,0.0,8.0,31.633333333333333,2.19644435761327
2024-04-25,Dehradun,32.2,3.2,8.2,31.593333333333337,2.2079688486889544
2024-04-26,Dehradun,34.8,0.0,7.2,31.376666666666665,2.3009268497315
2024-04-27,Dehradun,35.0,0.0,10.0,31.226666666666667,2.311132478533538
2024-04-28,Dehradun,31.3,0.0,9.9,31.246666666666666,2.308116612922712
2024-04-29,Dehradun,32.8,0.0,10.9,31.263333333333332,2.304341230318627
2024-04-30,Dehradun,30.2,0.0,8.3,31.163333333333334,2.3449848662598547
2024-05-01,Dehradun,27.5,0.0,7.3,31.07333333333333,2.390921526760275
2024-05-02,Dehradun,29.4,3.5,10.1,30.926666666666666,2.403579705834218
2024-05-03,Dehradun,25.7,2.5,6.1,30.7,2.3154652470603168
2024-05-04,Dehradun,33.9,5.2,8.4,30.7,2.3154652470603168
2024-05-05,Dehradun,31.3,0.0,7.7,30.553333333333335,2.3690145388023147
2024-05-06,Dehradun,29.1,0.0,5.2,30.446666666666665,2.37366780543824
2024-05-07,Dehradun,32.4,2.2,5.7,30.506666666666668,2.4234391824973947
2024-05-08,Dehradun,29.3,0.0,6.3,30.383333333333333,2.326471849038173
2024-05-09,Dehradun,30.4,0.0,6.4,30.35,2.3407558460962483
2024-05-10,Dehradun,27.3,0.0,6.2,30.439999999999998,2.378437621053085
2024-05-11,Dehradun,28.9,0.0,5.9,30.383333333333333,2.355197236536207
2024-05-12,Dehradun,31.2,2.6,10.9,30.113333333333337,2.294931947504643
2024-05-13,Dehradun,31.0,0.0,6.8,29.970000000000002,2.105681968323667
2024-05-14,Dehradun,28.8,0.0,7.2,29.990000000000002,2.121539779142039
2024-05-15,Dehradun,28.6,0.0,14.1,30.063333333333336,2.2557945818273417
2024-05-16,Dehradun,28.6,6.8,5.8,29.976666666666667,2.299877557960095
2024-05-17,Dehradun,28.3,0.0,7.2,30.033333333333335,2.2572997804567003
2024-05-18,Dehradun,33.5,0.0,7.2,29.90666666666667,2.396395761070666
2024-05-19,Dehradun,27.6,0.0,9.6,29.903333333333332,2.4025106599687884
2024-05-20,Dehradun,28.8,0.0,10.7,29.613333333333333,2.4283857748026105
2024-05-21,Dehradun,33.3,1.0,5.7,29.51,2.4200812183576788
2024-05-22,Dehradun,30.4,0.0,10.7,29.506666666666668,2.4207341908990787
2024-05-23,Dehradun,28.9,0.0,6.4,29.3,2.4298431906264657
2024-05-24,Dehradun,32.7,0.4,10.9,29.269999999999996,2.435392767303419
2024-05-25,Dehradun,30.5,0.0,8.2,29.2,2.4319709617139784
2024-05-26,Dehradun,26.7,0.0,6.7,29.03666666666667,2.7123578409698443
2024-05-27,Dehradun,30.7,0.0,7.3,28.936666666666667,2.7722122789461063
2024-05-28,Dehradun,31.9,0.0,10.3,28.779999999999998,2.772699419151823
2024-05-29,Dehradun,35.0,0.0,7.8,28.476666666666667,3.009145065128608
2024-05-30,Dehradun,27.6,0.0,6.9,28.313333333333336,3.1218621027369386
2024-05-31,Dehradun,29.2,0.0,9.5,28.25,3.135090605301166
2024-06-01,Dehradun,25.6,9.6,13.0,28.166666666666668,3.1586043768086496
2024-06-02,Dehradun,25.6,0.2,9.9,28.030000000000005,3.2402798942533972
2024-06-03,Dehradun,25.2,21.7,7.2,27.843333333333337,3.0711879464302108
2024-06-04,Dehradun,28.2,33.7,10.9,27.85,3.070858579256373
2024-06-05,Dehradun,29.0,21.2,10.8,27.80333333333333,3.0665585937977395
2024-06-06,Dehradun,26.2,2.8,5.6,27.523333333333333,2.927713399075431
2024-06-07,Dehradun,28.4,17.2,8.3,27.52,2.924380276229372
2024-06-08,Dehradun,28.3,32.9,8.5,27.483333333333334,2.913356085026391
2024-06-09,Dehradun,22.4,9.2,6.4,27.28666666666667,2.7432341010808243
2024-06-10,Dehradun,25.9,0.0,8.5,27.1,2.7073335908995744
2024-06-11,Dehradun,26.5,1.9,8.5,27.033333333333335,2.741926497836808
2024-06-12,Dehradun,21.9,9.6,8.7,26.886666666666667,2.6553437771241684
2024-06-13,Dehradun,23.9,0.0,11.0,26.78666666666667,2.5126896337195537
2024-06-14,Dehradun,26.7,0.0,8.2,26.496666666666666,1.9770202819904805
2024-06-15,Dehradun,26.1,0.0,6.1,26.473333333333336,1.96765803962959
2024-06-16,Dehradun,24.2,4.4,10.1,26.383333333333333,1.89919825794674
2024-06-17,Dehradun,27.9,0.0,7.4,26.223333333333333,2.1527341609719315
2024-06-18,Dehradun,27.8,47.4,9.2,26.10333333333333,2.2849557957442386
2024-06-19,Dehradun,27.4,0.0,11.4,25.87,2.700083012772296
2024-06-20,Dehradun,24.9,0.0,6.7,25.566666666666666,2.930615250613069
2024-06-21,Dehradun,30.3,22.8,6.2,25.316666666666666,2.947480903782142
2024-06-22,Dehradun,27.8,17.0,6.4,25.083333333333332,3.1455588104317083
2024-06-23,Dehradun,26.8,5.2,6.8,24.913333333333334,3.097577844985759
2024-06-24,Dehradun,24.9,2.7,7.4,24.69333333333333,3.0830944300114
2024-06-25,Dehradun,24.7,10.2,5.4,24.596666666666668,3.20069855880983
2024-06-26,Dehradun,26.3,6.0,7.0,24.35,3.37707790440394
2024-06-27,Dehradun,28.9,20.8,5.5,24.10666666666667,3.478300549498735
2024-06-28,Dehradun,26.3,70.3,7.9,24.043333333333337,3.53667322087635
2024-06-29,Dehradun,26.9,1.4,15.7,23.863333333333333,3.678781969838486
2024-06-30,Dehradun,26.5,31.1,5.2,23.746666666666666,3.641024233819916
2024-07-01,Dehradun,20.8,21.1,8.0,23.65,3.614792405924658
2024-07-02,Dehradun,22.0,0.0,7.1,23.586666666666662,3.621462205483674
2024-07-03,Dehradun,18.2,0.0,6.7,23.516666666666666,3.5548978678119942
2024-07-04,Dehradun,19.1,0.0,15.3,23.366666666666667,3.4616453466157795
2024-07-05,Dehradun,21.5,17.8,5.7,23.143333333333334,3.4081730704529196
2024-07-06,Dehradun,19.2,0.0,13.6,23.036666666666665,3.4013672031367443
2024-07-07,Dehradun,23.3,0.0,6.8,22.736666666666668,3.1242635913932295
2024-07-08,Dehradun,21.7,19.2,8.3,22.45,3.0369846660904543
2024-07-09,Dehradun,19.5,22.5,7.2,22.196666666666665,2.978021019973145
2024-07-10,Dehradun,18.5,0.0,5.7,22.136666666666667,2.9395617000677743
2024-07-11,Dehradun,19.2,33.0,5.2,21.959999999999997,2.939458078133289
2024-07-12,Dehradun,20.0,0.0,8.8,21.673333333333336,2.920903654850524
2024-07-13,Dehradun,18.5,17.8,8.1,21.393333333333334,2.5878940090928126
2024-07-14,Dehradun,23.2,8.0,7.3,21.09333333333333,2.520253590597417
2024-07-15,Dehradun,23.2,0.0,6.7,20.856666666666666,2.2778821581540214
2024-07-16,Dehradun,22.3,6.2,7.4,20.62,2.026275673112601
2024-07-17,Dehradun,25.8,2.7,9.0,20.529999999999998,2.0773242072600553
2024-07-18,Dehradun,23.3,5.3,12.3,20.290000000000003,2.3050693758726366
2024-07-19,Dehradun,20.7,10.8,9.0,20.13,2.602538548523612
2024-07-20,Dehradun,21.7,14.1,10.3,19.923333333333332,2.9146104410346463
2024-07-21,Dehradun,21.3,0.0,8.7,19.656666666666663,3.1238441540592663
2024-07-22,Dehradun,19.2,6.0,13.8,19.526666666666667,3.223077703850336
2024-07-23,Dehradun,19.2,19.9,8.8,19.216666666666665,3.2940995665010924
2024-07-24,Dehradun,23.1,0.0,13.6,18.983333333333334,3.3594009455025433
2024-07-25,Dehradun,19.4,21.9,7.5,18.746666666666666,3.565518130683057
2024-07-26,Dehradun,17.7,6.0,6.8,18.593333333333337,3.6737590758140577
2024-07-27,Dehradun,20.5,16.7,6.1,18.366666666666667,3.8410068124559564
2024-07-28,Dehradun,17.3,34.8,8.5,18.13,3.95397224974125
2024-07-29,Dehradun,19.8,37.0,5.7,17.896666666666665,4.133837103152718
2024-07-30,Dehradun,19.4,2.8,6.0,17.526666666666667,4.139542981049211
2024-07-31,Dehradun,18.1,8.7,9.9,17.259999999999998,4.017341718444972
2024-08-01,Dehradun,14.8,0.0,6.8,16.976666666666667,3.948782731104746
2024-08-02,Dehradun,13.4,0.0,7.5,16.63,3.587444580852708
2024-08-03,Dehradun,12.9,0.0,5.5,16.303333333333335,3.4004546687204646
2024-08-04,Dehradun,13.5,7.5,7.6,16.113333333333333,3.3042014355115525
2024-08-05,Dehradun,15.3,4.2,7.8,15.866666666666667,3.1451476949403085
2024-08-06,Dehradun,14.0,0.0,8.6,15.553333333333333,3.0520466093667324
2024-08-07,Dehradun,14.7,7.6,6.0,15.3,3.054335527940771
2024-08-08,Dehradun,12.4,0.1,7.7,15.183333333333334,2.965791553739025
2024-08-09,Dehradun,13.9,0.0,7.7,14.85,2.582534173756575
2024-08-10,Dehradun,12.4,0.9,15.2,14.676666666666668,2.4370252263821275
2024-08-11,Dehradun,12.9,5.2,13.3,14.586666666666668,2.370469665864021
2024-08-12,Dehradun,11.5,28.9,13.5,14.343333333333334,2.1019995953497372
2024-08-13,Dehradun,12.1,10.6,14.5,14.22,2.0298462656242844
2024-08-14,Dehradun,15.2,12.5,9.0,13.956666666666667,1.777771431980982
2024-08-15,Dehradun,13.8,2.5,10.3,13.736666666666668,1.461100986227142
2024-08-16,Dehradun,15.4,23.9,6.2,13.713333333333333,1.3930203685252922
2024-08-17,Dehradun,13.5,0.0,6.9,13.633333333333333,1.397370272390545
2024-08-18,Dehradun,15.0,7.2,14.1,13.566666666666666,1.4553902980094855
2024-08-19,Dehradun,14.3,14.1,5.8,13.56,1.4590029661286925
2024-08-20,Dehradun,11.9,3.7,7.2,13.403333333333334,1.6983731228348296
2024-08-21,Dehradun,11.6,34.7,6.4,13.17,1.8979389910618905
2024-08-22,Dehradun,15.7,0.0,8.3,13.036666666666667,1.9764969592400048
2024-08-23,Dehradun,13.1,18.8,6.3,12.96,1.9542350121616774
2024-08-24,Dehradun,14.2,4.3,16.3,12.966666666666667,1.952599210836891
2024-08-25,Dehradun,15.0,30.7,8.9,12.863333333333335,1.9832893842324495
2024-08-26,Dehradun,13.2,12.6,10.5,12.633333333333333,2.3960216067952786
2024-08-27,Dehradun,13.6,11.4,8.9,12.593333333333334,2.40142677896133
2024-08-28,Dehradun,11.9,21.3,7.4,12.483333333333333,2.5256045139569037
2024-08-29,Dehradun,12.8,0.0,9.3,12.379999999999999,2.604028708989463
2024-08-30,Dehradun,17.4,22.7,6.9,12.116666666666667,2.70645248572208
2024-08-31,Dehradun,12.4,0.0,8.7,11.973333333333333,2.728007145977758
2024-09-01,Dehradun,11.4,17.0,9.9,11.836666666666668,2.652062740888527
2024-09-02,Dehradun,12.7,0.0,5.8,11.813333333333333,2.639975618138885
2024-09-03,Dehradun,8.8,5.7,10.6,11.646666666666667,2.5891994946292733
2024-09-04,Dehradun,8.3,2.9,8.9,11.466666666666667,2.586081223000161
2024-09-05,Dehradun,10.0,0.0,12.3,11.326666666666666,2.674004272729328
2024-09-06,Dehradun,12.4,2.0,8.4,11.246666666666666,2.7013066229631097
2024-09-07,Dehradun,12.6,0.0,11.1,11.163333333333332,2.595683862230467
2024-09-08,Dehradun,10.8,4.6,10.9,11.096666666666666,2.569782405028761
2024-09-09,Dehradun,5.5,6.0,7.9,11.096666666666666,2.569782405028761
2024-09-10,Dehradun,11.7,2.9,17.6,10.916666666666666,2.474293118606124
2024-09-11,Dehradun,8.2,14.8,5.7,10.729999999999999,2.507114016086063
2024-09-12,Dehradun,9.0,1.1,11.6,10.569999999999999,2.470536727947584
2024-09-13,Dehradun,7.3,2.1,5.5,10.53,2.457942789940546
2024-09-14,Dehradun,9.5,1.3,5.6,10.426666666666668,2.4241505207240053
2024-09-15,Dehradun,11.3,26.0,8.2,10.156666666666666,2.0415821000548586
2024-09-16,Dehradun,12.8,3.6,5.6,10.076666666666664,1.9971848002718289
2024-09-17,Dehradun,10.0,13.4,12.5,9.946666666666665,2.0346538014989357
2024-09-18,Dehradun,8.9,8.5,6.0,9.906666666666666,1.989963322020925
2024-09-19,Dehradun,7.7,16.3,13.2,9.973333333333333,1.985105457692605
2024-09-20,Dehradun,9.2,0.8,6.3,10.02,1.9607176729716835
2024-09-21,Dehradun,13.2,12.8,9.1,9.93,2.0226561573916935
2024-09-22,Dehradun,11.1,7.9,6.6,9.743333333333334,2.0451259691972794
2024-09-23,Dehradun,14.2,0.0,6.3,9.543333333333333,2.049505126699584
2024-09-24,Dehradun,9.6,17.8,7.8,9.44,2.062071272055005
2024-09-25,Dehradun,7.6,0.0,6.6,9.543333333333331,1.9313535245474018
2024-09-26,Dehradun,8.8,0.0,9.8,9.393333333333334,1.932825934209827
2024-09-27,Dehradun,10.7,60.7,6.3,9.413333333333332,1.9231320239674814
2024-09-28,Dehradun,9.7,0.0,7.7,9.383333333333333,1.9367735938986406
2024-09-29,Dehradun,9.3,3.7,6.7,9.4,1.9203088831999446
2024-09-30,Dehradun,10.0,4.3,11.5,9.33,1.95450849276127
2024-10-01,Dehradun,7.5,0.0,8.1,9.096666666666666,2.121886495279767
2024-10-02,Dehradun,11.5,0.0,5.3,8.943333333333333,2.008204436174601
2024-10-03,Dehradun,10.8,5.6,10.7,8.993333333333332,2.053581116561732
2024-10-04,Dehradun,9.7,0.0,10.1,8.946666666666665,2.07160329935177
2024-10-05,Dehradun,7.3,0.0,5.5,8.99,2.0581796443158074
2024-10-06,Dehradun,6.8,0.0,8.6,9.1,2.155666150340589
2024-10-07,Dehradun,6.6,0.0,15.4,8.866666666666665,2.0738658443182794
2024-10-08,Dehradun,7.7,0.0,8.8,8.763333333333332,2.035628062587931
2024-10-09,Dehradun,8.6,3.3,10.0,8.566666666666666,1.7583952977043025
2024-10-10,Dehradun,7.2,0.0,7.5,8.356666666666666,1.9914789744677777
2024-10-11,Dehradun,8.8,0.0,6.1,8.213333333333333,2.1924216391192344
2024-10-12,Dehradun,8.1,0.0,8.5,8.15,2.202310698741941
2024-10-13,Dehradun,7.8,0.0,13.0,8.043333333333333,2.1514523295757444
2024-10-14,Dehradun,7.4,0.0,8.0,7.903333333333334,2.1764386178965363
2024-10-15,Dehradun,4.3,0.0,7.9,7.87,2.1619196450664537
2024-10-16,Dehradun,8.2,0.0,11.9,7.736666666666666,2.1493356364609615
2024-10-17,Dehradun,11.5,0.0,11.3,7.823333333333333,2.19146987884506
2024-10-18,Dehradun,7.5,0.0,7.0,7.6466666666666665,2.0964227879288226
2024-10-19,Dehradun,9.0,0.2,8.5,7.8,2.469957419708392
2024-10-20,Dehradun,12.5,1.2,9.3,7.77,2.45148090359476
2024-10-21,Dehradun,6.2,0.0,6.2,7.916666666666667,2.551954400918625
2024-10-22,Dehradun,8.0,3.4,5.7,8.05,2.595719287729274
2024-10-23,Dehradun,8.3,0.9,9.4,8.223333333333334,2.668162655091158
2024-10-24,Dehradun,3.3,1.7,12.0,8.213333333333333,2.67075261681609
2024-10-25,Dehradun,3.3,0.0,14.3,8.246666666666666,2.6819618826952016
2024-10-26,Dehradun,6.9,0.0,8.6,8.333333333333334,2.688972798792093
2024-10-27,Dehradun,7.5,0.0,9.1,8.343333333333334,2.691324931155206
2024-10-28,Dehradun,5.5,0.0,7.4,8.34,2.691698604842386
2024-10-29,Dehradun,8.3,0.0,5.7,8.323333333333332,2.69670083663334
2024-10-30,Dehradun,6.0,0.0,9.9,8.376666666666667,2.693630204419497
2024-10-31,Dehradun,10.1,0.0,18.4,8.503333333333334,2.582365039145782
2024-11-01,Dehradun,6.2,0.0,6.9,8.496666666666666,2.5834330718603313
2024-11-02,Dehradun,15.4,1.4,9.7,8.513333333333334,2.60499961391664
2024-11-03,Dehradun,8.8,0.0,11.8,8.53,2.5998872654604748
2024-11-04,Dehradun,11.7,0.0,11.4,8.486666666666668,2.6026158370766894
2024-11-05,Dehradun,10.8,0.0,6.8,8.333333333333334,2.4911337030430314
2024-11-06,Dehradun,11.8,0.0,7.7,8.426666666666668,2.460716651055483
2024-11-07,Dehradun,7.4,2.6,6.9,8.42,2.4621829395043555
2024-11-08,Dehradun,9.6,0.0,18.4,8.463333333333333,2.4714205510657195
2024-11-09,Dehradun,9.8,1.1,5.4,8.636666666666667,2.2710294389645793
2024-11-10,Dehradun,9.1,2.1,9.6,8.836666666666666,2.036982781118877
2024-11-11,Dehradun,8.0,0.0,17.9,8.99,2.0591846394411606
2024-11-12,Dehradun,7.3,0.1,6.8,9.066666666666666,2.0445610494816595
2024-11-13,Dehradun,9.0,0.0,7.5,9.186666666666667,1.9304695396918932
2024-11-14,Dehradun,8.1,0.0,11.1,9.246666666666666,1.929933594236078
2024-11-15,Dehradun,8.0,1.0,10.6,9.33,1.8366292213051028
2024-11-16,Dehradun,12.0,0.0,8.6,9.33,1.8366292213051028
2024-11-17,Dehradun,8.0,0.0,9.0,9.536666666666665,1.821042394426584
2024-11-18,Dehradun,7.7,0.0,10.6,9.443333333333333,1.5637451360675028
2024-11-19,Dehradun,7.9,0.0,6.5,9.629999999999999,1.8006033471570457
2024-11-20,Dehradun,9.0,0.1,10.4,9.606666666666666,1.7772379448581814
2024-11-21,Dehradun,7.8,0.0,12.4,9.71,1.9323649972918342
2024-11-22,Dehradun,9.6,0.0,7.6,9.713333333333333,1.936177060393871
2024-11-23,Dehradun,8.5,0.0,13.9,9.98,2.1461111582227783
2024-11-24,Dehradun,9.3,0.0,5.2,10.15,2.310657467266517
2024-11-25,Dehradun,11.5,0.0,10.8,10.226666666666665,2.336654450916638
2024-11-26,Dehradun,9.8,0.0,6.8,10.41,2.4578305544692824
2024-11-27,Dehradun,9.1,0.0,8.4,10.683333333333334,2.6304691247174836
2024-11-28,Dehradun,10.1,0.0,7.3,10.943333333333333,2.6697130587559315
2024-11-29,Dehradun,8.5,0.0,7.0,11.103333333333333,2.6929644392870027
2024-11-30,Dehradun,10.1,0.0,8.1,11.396666666666667,2.830314145270719
2024-12-01,Dehradun,12.4,0.0,6.7,11.623333333333333,2.821186267161911
2024-12-02,Dehradun,12.6,0.0,10.1,11.646666666666667,2.827297153714527
2024-12-03,Dehradun,14.4,0.0,7.5,11.65,2.822905082259806
2024-12-04,Dehradun,11.0,0.0,6.9,11.906666666666666,2.8013461460314066
2024-12-05,Dehradun,13.9,0.0,5.7,12.180000000000001,2.7969688026073096
2024-12-06,Dehradun,11.9,0.0,7.8,12.270000000000001,2.7338428176696774
2024-12-07,Dehradun,15.4,0.0,7.5,12.45,2.604075055859884
2024-12-08,Dehradun,14.7,0.0,8.7,12.516666666666667,2.553710395015286
2024-12-09,Dehradun,12.1,0.3,9.0,12.766666666666667,2.513732399185038
2024-12-10,Dehradun,14.6,0.0,8.8,12.88,2.427202163979652
2024-12-11,Dehradun,16.2,0.0,7.8,13.006666666666668,2.4517317360892155
2024-12-12,Dehradun,15.1,0.1,5.7,13.106666666666666,2.376455391940898
2024-12-13,Dehradun,13.8,0.0,9.6,13.216666666666667,2.2580252790700652
2024-12-14,Dehradun,16.9,1.0,8.2,13.256666666666668,2.2110511360971925
2024-12-15,Dehradun,14.8,0.0,5.9,13.48,2.046258149352862
2024-12-16,Dehradun,12.7,0.0,8.9,13.536666666666667,1.9716059152521745
2024-12-17,Dehradun,8.1,0.0,14.4,13.575862068965519,1.9945739202026576
2024-12-18,Dehradun,15.4,0.0,5.5,13.610714285714286,2.0221622614518586
2024-12-19,Dehradun,16.1,0.0,11.2,13.581481481481482,2.054645213064005
2024-12-20,Dehradun,11.7,0.0,13.8,13.680769230769233,2.0282049661252817
2024-12-21,Dehradun,13.2,0.0,7.9,13.672,2.0695249052217752
2024-12-22,Dehradun,11.6,0.0,7.6,13.745833333333335,2.080129420444064
2024-12-23,Dehradun,16.0,4.2,10.0,13.673913043478262,2.096147416594242
2024-12-24,Dehradun,12.7,0.0,8.0,13.627272727272727,2.1332251054797755
2024-12-25,Dehradun,15.3,0.0,7.4,13.700000000000003,2.1577766334817507
2024-12-26,Dehradun,12.8,5.3,8.5,13.655000000000001,2.203699043355068
2024-12-27,Dehradun,12.4,0.0,9.9,13.521052631578948,2.178832242629133
2024-12-28,Dehradun,11.3,0.0,9.1,13.433333333333334,2.207207445140166
2024-12-29,Dehradun,15.2,0.0,6.7,13.411764705882355,2.27318123808382
2024-12-30,Dehradun,11.8,0.0,6.9,13.193750000000001,2.1563762040361034
2023-01-01,Jodhpur,27.1,0.0,9.9,27.7,1.7594642041582669
2023-01-02,Jodhpur,26.9,0.0,8.6,27.60625,1.7406775500744909
2023-01-03,Jodhpur,25.3,3.0,8.9,27.576470588235296,1.6898703396136288
2023-01-04,Jodhpur,28.6,0.0,7.4,27.516666666666666,1.658933037686998
2023-01-05,Jodhpur,27.6,0.0,7.4,27.54736842105263,1.6177379340893914
2023-01-06,Jodhpur,25.2,0.0,11.8,27.589999999999996,1.5860908582191358
2023-01-07,Jodhpur,28.2,4.5,11.5,27.552380952380954,1.555512471058669
2023-01-08,Jodhpur,26.1,6.6,13.4,27.55909090909091,1.5183509509957205
2023-01-09,Jodhpur,30.3,0.0,10.7,27.565217391304348,1.4837326075115032
2023-01-10,Jodhpur,26.2,0.3,14.2,27.566666666666666,1.4511364861546532
2023-01-11,Jodhpur,29.2,0.0,12.6,27.616,1.4418391033676394
2023-01-12,Jodhpur,29.5,2.1,12.8,27.707692307692305,1.488065341824229
2023-01-13,Jodhpur,26.1,0.0,11.5,27.685185185185187,1.4638473290780705
2023-01-14,Jodhpur,28.5,0.3,6.7,27.70357142857143,1.4397741959938486
2023-01-15,Jodhpur,30.7,0.0,11.6,27.817241379310346,1.5406559283808858
2023-01-16,Jodhpur,26.2,0.0,7.5,27.709999999999997,1.623820526858887
2023-01-17,Jodhpur,27.1,0.0,5.6,27.703333333333333,1.6268190525946808
2023-01-18,Jodhpur,26.5,0.0,6.0,28.029999999999998,2.3032435899146138
2023-01-19,Jodhpur,28.1,2.1,18.8,28.343333333333337,2.545676975652609
2023-01-20,Jodhpur,28.4,0.0,7.0,28.563333333333336,2.8371286277810377
2023-01-21,Jodhpur,26.8,3.9,14.2,28.776666666666664,2.9982389467167545
2023-01-22,Jodhpur,27.7,0.0,6.6,29.139999999999997,3.203295716644946
2023-01-23,Jodhpur,27.7,0.0,9.5,29.34,3.327482220994498
2023-01-24,Jodhpur,27.6,0.0,11.1,29.743333333333336,3.6398828451526812
2023-01-25,Jodhpur,28.8,0.5,8.5,29.750000000000004,3.6411205171883076
2023-01-26,Jodhpur,30.0,0.0,7.9,30.12666666666667,3.840252625789748
2023-01-27,Jodhpur,27.1,0.0,13.2,30.383333333333333,4.028868527166828
2023-01-28,Jodhpur,28.2,0.0,9.8,30.606666666666666,4.161724885547879
2023-01-29,Jodhpur,31.0,0.0,11.2,30.863333333333337,4.1113370032172005
2023-01-30,Jodhpur,24.6,0.0,8.2,31.07,4.1441400255932646
2023-01-31,Jodhpur,26.9,0.0,6.7,31.223333333333336,4.21448105639504
2023-02-01,Jodhpur,36.7,0.0,7.0,31.46333333333333,4.122560581377361
2023-02-02,Jodhpur,34.7,0.0,6.4,31.703333333333333,4.06901524419254
2023-02-03,Jodhpur,35.2,0.0,6.6,32.10333333333333,4.129246682013507
2023-02-04,Jodhpur,34.0,0.0,8.5,32.38333333333333,4.133219779678606
2023-02-05,Jodhpur,36.1,0.0,6.7,32.70666666666667,4.189883821394293
2023-02-06,Jodhpur,34.2,0.8,7.0,32.86333333333333,4.046836425835779
2023-02-07,Jodhpur,38.2,0.0,7.0,33.083333333333336,3.9342951288533987
2023-02-08,Jodhpur,30.5,0.0,5.7,33.4,3.8678159211627494
2023-02-09,Jodhpur,37.5,3.1,7.3,33.653333333333336,3.7209317829454207
2023-02-10,Jodhpur,36.9,0.0,5.6,33.906666666666666,3.6368737364270287
2023-02-11,Jodhpur,36.2,0.0,9.0,33.983333333333334,3.575402878995106
2023-02-12,Jodhpur,33.8,0.0,11.1,34.21333333333334,3.3309140645995634
2023-02-13,Jodhpur,34.7,0.0,6.3,34.54333333333333,3.202551066467699
2023-02-14,Jodhpur,35.3,0.0,20.3,34.62,3.141754396775031
2023-02-15,Jodhpur,33.4,0.0,11.4,35.163333333333334,2.7318660205110836
2023-02-16,Jodhpur,34.3,3.5,14.6,35.66,2.5243093968518524
2023-02-17,Jodhpur,38.5,0.0,8.9,35.75,2.6093664180119194
2023-02-18,Jodhpur,36.5,8.3,6.0,35.833333333333336,2.6145921200108955
2023-02-19,Jodhpur,38.1,0.0,7.9,35.980000000000004,2.6998595110320878
2023-02-20,Jodhpur,31.5,0.0,8.6,36.266666666666666,2.9292029436448317
2023-02-21,Jodhpur,34.3,0.0,5.7,36.38999999999999,2.9990055823153603
2023-02-22,Jodhpur,37.2,0.6,8.2,36.57333333333334,3.0284778620487907
2023-02-23,Jodhpur,35.2,0.0,7.3,36.730000000000004,3.230367759569959
2023-02-24,Jodhpur,36.4,0.0,8.5,37.166666666666664,3.2445533493505203
2023-02-25,Jodhpur,32.3,0.0,6.5,37.18,3.2467915197027764
2023-02-26,Jodhpur,34.0,0.0,7.0,37.17999999999999,3.2467915197027764
2023-02-27,Jodhpur,38.1,0.0,15.5,37.36333333333333,3.3433911478940304
2023-02-28,Jodhpur,33.3,0.0,8.3,37.49,3.275020400041765
2023-03-01,Jodhpur,40.9,2.4,10.5,37.666666666666664,3.2622536459593054
2023-03-02,Jodhpur,41.8,2.0,5.8,37.81666666666667,3.2531240511167243
2023-03-03,Jodhpur,39.4,0.0,8.8,38.03666666666667,3.1661445425576953
2023-03-04,Jodhpur,37.2,0.0,6.3,38.26,3.129569762212018
2023-03-05,Jodhpur,39.6,0.0,9.3,38.25666666666666,3.129358569654703
2023-03-06,Jodhpur,42.6,0.0,9.8,38.266666666666666,3.124026285082301
2023-03-07,Jodhpur,39.8,0.0,6.9,38.269999999999996,3.1238956669407347
2023-03-08,Jodhpur,39.7,0.0,8.4,38.57333333333334,2.8758127287037962
2023-03-09,Jodhpur,42.9,0.0,11.3,38.82000000000001,2.8133180802550064
2023-03-10,Jodhpur,43.6,0.0,8.9,38.88,2.7967222193871617
2023-03-11,Jodhpur,37.9,0.0,10.0,39.04666666666666,2.7177238617096116
2023-03-12,Jodhpur,36.9,0.0,7.1,39.12666666666667,2.6720692399315853
2023-03-13,Jodhpur,41.7,0.0,7.5,39.39666666666666,2.348070863838918
2023-03-14,Jodhpur,37.6,1.1,10.3,39.526666666666664,2.1375031088234535
2023-03-15,Jodhpur,40.0,0.1,8.0,39.60666666666667,2.1271534051862466
2023-03-16,Jodhpur,39.8,0.0,12.1,39.85333333333334,1.769615842459909
2023-03-17,Jodhpur,40.0,0.0,12.1,39.78666666666666,1.7664953289285752
2023-03-18,Jodhpur,41.0,0.0,12.4,39.62,1.805432415488488
2023-03-19,Jodhpur,38.4,0.0,6.9,39.64666666666666,1.8079772147887943
2023-03-20,Jodhpur,36.8,0.0,13.3,39.88666666666667,1.9447069335689888
2023-03-21,Jodhpur,38.2,1.5,11.3,40.05333333333333,2.1251747730697312
2023-03-22,Jodhpur,40.6,0.0,13.2,39.970000000000006,2.070174072307738
2023-03-23,Jodhpur,41.7,0.0,7.1,39.913333333333334,2.0980669811689276
2023-03-24,Jodhpur,39.0,0.0,5.9,40.06666666666667,2.244892030785687
2023-03-25,Jodhpur,40.2,0.0,6.7,40.063333333333325,2.240610035979791
2023-03-26,Jodhpur,38.8,0.0,6.4,39.970000000000006,2.1444636014470064
2023-03-27,Jodhpur,40.4,0.0,8.9,39.99,2.1272209489183935
2023-03-28,Jodhpur,37.9,1.4,8.5,40.2,2.1226203714699743
2023-03-29,Jodhpur,40.5,0.0,19.6,40.25,2.176163977087304
2023-03-30,Jodhpur,40.7,0.0,9.9,40.38333333333333,2.130255502456721
2023-03-31,Jodhpur,38.9,0.0,5.7,40.41333333333333,2.1310080718521127
2023-04-01,Jodhpur,36.8,0.0,7.1,40.54666666666666,2.214798711696694
2023-04-02,Jodhpur,40.2,0.0,5.9,40.63666666666666,2.246450584785932
2023-04-03,Jodhpur,44.4,0.0,6.9,40.47666666666667,2.3862657789559183
2023-04-04,Jodhpur,44.6,0.0,10.4,40.70333333333334,2.5023414322746116
2023-04-05,Jodhpur,40.1,0.0,7.0,40.779999999999994,2.412238908508883
2023-04-06,Jodhpur,38.1,0.0,7.8,40.873333333333335,2.3626305230623204
2023-04-07,Jodhpur,44.3,0.0,9.5,41.093333333333334,2.6286135500301824
2023-04-08,Jodhpur,42.8,0.0,8.0,41.04666666666666,2.6298988224058992
2023-04-09,Jodhpur,40.8,0.0,6.7,41.093333333333334,2.6046289474746622
2023-04-10,Jodhpur,38.5,0.0,5.7,41.226666666666674,2.65913303648898
2023-04-11,Jodhpur,43.2,1.4,12.1,41.38333333333333,2.6496692484981503
2023-04-12,Jodhpur,43.2,0.0,7.5,41.36666666666667,2.6576283611045204
2023-04-13,Jodhpur,41.6,0.0,7.9,41.54666666666666,2.596912401870435
2023-04-14,Jodhpur,40.9,0.1,8.1,41.49,2.638749703931763
2023-04-15,Jodhpur,43.8,0.0,9.0,41.563333333333325,2.6465961657131944
2023-04-16,Jodhpur,42.7,0.0,7.3,41.60666666666667,2.611900263889437
2023-04-17,Jodhpur,36.2,3.8,7.3,41.78,2.4494052761632785
2023-04-18,Jodhpur,45.2,4.2,7.5,41.77,2.4566798452523115
2023-04-19,Jodhpur,39.1,0.0,15.9,41.55,2.508021613501979
2023-04-20,Jodhpur,41.0,0.0,7.8,41.32000000000001,2.5349148118720373
2023-04-21,Jodhpur,47.2,0.2,6.7,41.30333333333333,2.5448370089848233
2023-04-22,Jodhpur,40.3,0.0,7.1,41.49666666666667,2.5132042102262235
2023-04-23,Jodhpur,40.4,0.0,7.4,41.403333333333336,2.4568669891344994
2023-04-24,Jodhpur,44.2,2.2,6.4,41.260000000000005,2.4976678777584063
2023-04-25,Jodhpur,43.5,0.0,11.2,41.20666666666666,2.524764698265795
2023-04-26,Jodhpur,39.9,0.0,11.4,41.26,2.482157015234096
2023-04-27,Jodhpur,43.3,1.7,5.1,41.163333333333334,2.4603733012714093
2023-04-28,Jodhpur,38.8,0.0,7.9,41.01,2.4723784444161816
2023-04-29,Jodhpur,42.9,0.0,6.0,41.03333333333333,2.4814252485956128
2023-04-30,Jodhpur,40.2,0.0,9.1,41.00666666666667,2.487199412902032
2023-05-01,Jodhpur,42.0,3.4,7.1,40.88666666666667,2.4340590950428687
2023-05-02,Jodhpur,39.9,0.0,8.5,40.983333333333334,2.5627414380231386
2023-05-03,Jodhpur,37.8,0.0,8.6,41.123333333333335,2.4021087479091343
2023-05-04,Jodhpur,37.7,0.0,11.3,41.086666666666666,2.345462726691437
2023-05-05,Jodhpur,39.6,0.0,6.1,41.16,2.3154056768255193
2023-05-06,Jodhpur,43.9,0.0,7.3,41.23666666666667,2.3477771340705114
2023-05-07,Jodhpur,41.5,0.0,7.5,40.96666666666667,2.0899320783111603
2023-05-08,Jodhpur,38.5,0.0,7.0,41.01,2.089109693229345
2023-05-09,Jodhpur,39.2,0.0,8.1,41.016666666666666,2.0874143935919127
2023-05-10,Jodhpur,40.1,1.8,9.4,40.839999999999996,2.032257111075572
2023-05-11,Jodhpur,40.3,0.0,7.9,40.72333333333333,1.9739132030900766
2023-05-12,Jodhpur,38.6,0.7,11.4,40.72666666666667,1.972558872568096
2023-05-13,Jodhpur,42.3,0.0,7.9,40.623333333333335,1.9134160340971917
2023-05-14,Jodhpur,40.1,0.0,7.9,40.70666666666666,1.885504292432558
2023-05-15,Jodhpur,40.2,0.0,6.6,40.68,1.8588836100902237
2023-05-16,Jodhpur,45.6,0.0,8.3,40.57333333333334,1.975528446689178
2023-05-17,Jodhpur,40.4,0.0,10.9,40.54,1.958993407955675
2023-05-18,Jodhpur,44.1,0.0,9.9,40.343333333333334,2.293120646379204
2023-05-19,Jodhpur,41.3,0.0,7.1,40.169999999999995,2.659290805122092
2023-05-20,Jodhpur,43.3,0.0,12.8,39.98,3.0208927659631164
2023-05-21,Jodhpur,39.1,0.0,7.8,39.89666666666667,3.065883833115817
2023-05-22,Jodhpur,41.6,0.3,7.8,39.61333333333333,3.075905623113114
2023-05-23,Jodhpur,40.6,0.0,5.7,39.46666666666667,3.087721326238133
2023-05-24,Jodhpur,38.9,0.0,12.9,39.313333333333325,3.2474640857915245
2023-05-25,Jodhpur,40.0,0.0,6.6,39.083333333333336,3.4909818136146957
2023-05-26,Jodhpur,40.0,0.0,9.6,38.906666666666666,3.570949196070926
2023-05-27,Jodhpur,40.2,0.0,15.5,38.71666666666667,3.6451274357679955
2023-05-28,Jodhpur,41.3,2.6,8.0,38.54,3.777026745269726
2023-05-29,Jodhpur,42.1,0.0,5.4,38.25,3.8122081572866438
2023-05-30,Jodhpur,37.0,0.0,6.5,38.126666666666665,3.810143750870684
2023-05-31,Jodhpur,41.0,0.0,8.4,37.916666666666664,3.8651478388403246
2023-06-01,Jodhpur,34.0,0.0,6.9,37.54,3.634281221919967
2023-06-02,Jodhpur,32.6,0.4,10.8,37.42999999999999,3.594454541133599
2023-06-03,Jodhpur,32.0,0.0,7.4,37.193333333333335,3.36666552862165
2023-06-04,Jodhpur,37.1,0.0,11.4,37.05,3.2761152352264507
2023-06-05,Jodhpur,35.4,0.1,13.0,36.74333333333333,3.096570219845967
2023-06-06,Jodhpur,37.1,0.0,10.2,36.46666666666667,3.2459346811085275
2023-06-07,Jodhpur,33.9,0.0,5.6,36.20666666666667,3.1309283996409603
2023-06-08,Jodhpur,32.3,0.2,8.5,36.00666666666667,3.03064046188187
2023-06-09,Jodhpur,34.8,0.0,8.8,35.88666666666667,2.9830247705323125
2023-06-10,Jodhpur,34.6,0.0,9.1,35.77666666666667,2.885359397124538
2023-06-11,Jodhpur,33.3,0.0,8.0,35.54333333333334,2.8142106547299504
2023-06-12,Jodhpur,33.6,0.0,6.6,35.416666666666664,2.6796916103232773
2023-06-13,Jodhpur,36.4,0.0,7.8,35.28666666666666,2.4708972729220284
2023-06-14,Jodhpur,33.9,0.0,11.1,35.059999999999995,2.1098455573482764
2023-06-15,Jodhpur,34.3,0.0,7.0,34.96,2.0856818946132307
2023-06-16,Jodhpur,37.1,0.0,5.3,34.81666666666667,1.7819174742556603
2023-06-17,Jodhpur,37.0,0.0,11.3,34.63333333333333,2.1197484127446695
2023-06-18,Jodhpur,37.0,0.0,17.2,34.446666666666665,2.5147473079792193
2023-06-19,Jodhpur,34.1,0.5,6.0,34.28333333333333,2.8197680674167556
2023-06-20,Jodhpur,30.8,0.0,7.9,33.92333333333333,3.1210832926310204
2023-06-21,Jodhpur,33.8,0.0,8.9,33.52333333333333,3.6495331145261964
2023-06-22,Jodhpur,34.6,0.0,17.3,33.20333333333333,3.744741907531586
2023-06-23,Jodhpur,35.3,0.0,8.0,32.97,3.914090373033841
2023-06-24,Jodhpur,36.7,0.0,7.9,32.86333333333333,3.976090900693173
2023-06-25,Jodhpur,33.0,0.0,10.5,32.766666666666666,3.96261262938671
2023-06-26,Jodhpur,36.4,0.8,7.6,32.626666666666665,3.9697939956396278
2023-06-27,Jodhpur,37.4,0.0,7.0,32.4,4.121265289472064
2023-06-28,Jodhpur,35.3,0.0,8.4,32.13666666666667,4.290846981202234
2023-06-29,Jodhpur,34.0,0.0,16.4,31.826666666666668,4.308126509631408
2023-06-30,Jodhpur,36.7,6.5,6.4,31.676666666666666,4.311786839249691
2023-07-01,Jodhpur,28.5,0.0,9.6,31.58,4.2833599444587325
2023-07-02,Jodhpur,27.0,3.4,7.8,31.333333333333332,4.165981552869742
2023-07-03,Jodhpur,27.1,0.0,6.3,31.006666666666664,4.089847255670201
2023-07-04,Jodhpur,26.3,0.0,7.5,30.74,3.943794776782859
2023-07-05,Jodhpur,23.4,0.0,12.2,30.513333333333332,3.939432248025351
2023-07-06,Jodhpur,27.5,0.4,7.6,30.53666666666667,3.943259926834037
2023-07-07,Jodhpur,26.9,7.0,11.0,30.366666666666664,3.907493537694836
2023-07-08,Jodhpur,29.1,0.0,12.6,30.19,3.828509208376175
2023-07-09,Jodhpur,31.9,2.9,5.9,29.95,3.721303998368899
2023-07-10,Jodhpur,30.4,0.0,7.8,29.73,3.496811355388351
2023-07-11,Jodhpur,26.5,0.0,10.7,29.446666666666665,3.566388430440819
2023-07-12,Jodhpur,25.7,5.9,12.3,29.213333333333335,3.3159731845900193
2023-07-13,Jodhpur,27.1,0.1,6.2,28.89333333333333,2.9406700307728535
2023-07-14,Jodhpur,29.4,0.0,10.3,28.596666666666668,2.7121035649707435
2023-07-15,Jodhpur,31.4,0.0,10.8,28.493333333333332,2.553555105761672
2023-07-16,Jodhpur,29.7,0.0,9.7,28.25333333333333,2.0429413098282825
2023-07-17,Jodhpur,27.2,0.0,16.0,28.166666666666668,2.0867948254868676
2023-07-18,Jodhpur,29.0,0.0,9.7,27.9,2.670528812413687
2023-07-19,Jodhpur,27.3,0.0,8.8,27.713333333333335,2.9130779235211652
2023-07-20,Jodhpur,31.5,0.0,6.6,27.543333333333333,3.1384911082847213
2023-07-21,Jodhpur,28.7,5.0,7.7,27.543333333333333,3.1384911082847213
2023-07-22,Jodhpur,29.3,0.0,7.3,27.323333333333334,3.3647957701342452
2023-07-23,Jodhpur,28.1,0.0,7.5,27.220000000000002,3.4253013962530487
2023-07-24,Jodhpur,30.1,0.0,14.7,26.96333333333333,3.565203803560216
2023-07-25,Jodhpur,24.5,0.0,9.3,26.610000000000003,3.5842904362000576
2023-07-26,Jodhpur,29.4,0.0,6.7,26.310000000000002,3.6324542857318622
2023-07-27,Jodhpur,27.8,0.0,7.4,26.2,3.6762049396927585
2023-07-28,Jodhpur,26.4,0.0,13.1,26.053333333333335,3.7830596386900663
2023-07-29,Jodhpur,30.9,0.0,9.2,25.759999999999998,4.0320782696290225
2023-07-30,Jodhpur,29.5,0.0,6.3,25.283333333333335,4.4140905521182585
2023-07-31,Jodhpur,25.9,0.0,16.1,24.923333333333336,4.33777977003607
2023-08-01,Jodhpur,19.0,0.0,11.8,24.666666666666668,4.272714822454671
2023-08-02,Jodhpur,21.5,0.0,10.3,24.436666666666667,4.317125746679677
2023-08-03,Jodhpur,21.2,0.0,6.6,24.10666666666667,4.334618730664877
2023-08-04,Jodhpur,23.4,0.0,12.2,23.89333333333333,4.329524409123515
2023-08-05,Jodhpur,20.9,0.0,6.4,23.42,4.244623373894067
2023-08-06,Jodhpur,23.8,0.0,5.9,23.22666666666667,4.126276883528443
2023-08-07,Jodhpur,21.4,0.9,6.4,22.85,4.068105549100427
2023-08-08,Jodhpur,21.3,0.3,9.8,22.59333333333333,3.9671003336785273
2023-08-09,Jodhpur,21.4,0.0,13.4,22.223333333333336,3.754783921725939
2023-08-10,Jodhpur,23.2,0.0,9.6,22.133333333333333,3.730612719697512
2023-08-11,Jodhpur,21.3,1.0,7.0,21.876666666666665,3.469143125180853
2023-08-12,Jodhpur,18.3,0.0,9.8,21.703333333333333,3.2881693191296355
2023-08-13,Jodhpur,15.1,0.0,16.9,21.69,3.2692243095584588
2023-08-14,Jodhpur,20.6,0.0,8.5,21.430000000000003,2.7859437823871818
2023-08-15,Jodhpur,22.0,0.0,5.9,21.07,2.3745997847915707
2023-08-16,Jodhpur,20.3,0.0,5.6,20.906666666666663,2.1924530952140793
2023-08-17,Jodhpur,19.1,0.0,14.6,20.889999999999997,2.209282923141333
2023-08-18,Jodhpur,20.9,0.0,7.9,20.756666666666664,2.2904123003835566
2023-08-19,Jodhpur,17.3,0.0,8.3,20.610000000000003,2.3993318035339457
2023-08-20,Jodhpur,22.9,0.0,8.8,20.326666666666668,2.555309999863716
2023-08-21,Jodhpur,18.0,0.0,8.6,20.05333333333333,2.9063228732677637
2023-08-22,Jodhpur,20.4,0.0,9.6,19.779999999999998,2.927326660848016
2023-08-23,Jodhpur,19.0,0.0,7.7,19.523333333333333,3.1121212782563576
2023-08-24,Jodhpur,21.8,0.4,9.1,19.333333333333332,3.173308219740489
2023-08-25,Jodhpur,21.7,0.0,8.7,19.133333333333333,3.227183391702347
2023-08-26,Jodhpur,22.6,0.0,7.3,18.776666666666667,3.3511380808291005
2023-08-27,Jodhpur,26.0,0.0,9.1,18.62333333333333,3.3369078535359433
2023-08-28,Jodhpur,23.1,0.0,13.7,18.483333333333334,3.4375295192046953
2023-08-29,Jodhpur,18.7,0.6,8.4,18.566666666666666,3.3825447809901434
2023-08-30,Jodhpur,21.0,0.8,8.4,18.533333333333335,3.3667064980006085
2023-08-31,Jodhpur,18.5,0.0,5.8,18.353333333333335,3.318987520452723
2023-09-01,Jodhpur,17.5,3.9,9.1,18.15,3.3818735880453357
2023-09-02,Jodhpur,16.8,0.0,5.3,18.203333333333333,3.409872414777254
2023-09-03,Jodhpur,14.9,0.0,7.8,18.029999999999998,3.4002180457467857
2023-09-04,Jodhpur,12.7,0.0,6.5,17.906666666666663,3.493435551720455
2023-09-05,Jodhpur,15.6,0.0,7.4,17.666666666666668,3.3841754798122317
2023-09-06,Jodhpur,13.7,0.0,9.2,17.646666666666665,3.3839105447269255
2023-09-07,Jodhpur,15.6,0.0,7.6,17.60666666666667,3.3572292900170764
2023-09-08,Jodhpur,15.4,0.0,9.2,17.57,3.347479751941244
2023-09-09,Jodhpur,12.5,0.0,8.0,17.316666666666666,3.303611746969383
2023-09-10,Jodhpur,16.7,0.0,9.4,17.103333333333335,3.2162822115556464
2023-09-11,Jodhpur,14.1,1.5,7.5,16.846666666666668,3.066249346917622
2023-09-12,Jodhpur,17.6,0.0,11.7,16.496666666666666,2.5394111906904326
2023-09-13,Jodhpur,19.6,0.0,10.2,16.330000000000002,2.237170318613286
2023-09-14,Jodhpur,16.6,0.0,8.5,16.123333333333335,2.296276346059592
2023-09-15,Jodhpur,14.2,0.0,9.6,16.086666666666666,2.2233453100716543
2023-09-16,Jodhpur,20.7,0.0,9.4,15.993333333333334,2.1768267530157774
2023-09-17,Jodhpur,15.7,0.6,7.1,15.890000000000002,2.1764174929111872
2023-09-18,Jodhpur,13.6,0.0,5.1,15.926666666666668,2.2013997636825913
2023-09-19,Jodhpur,15.7,0.0,9.5,15.823333333333332,2.3207732559965164
2023-09-20,Jodhpur,17.4,0.0,12.2,15.793333333333333,2.367878918930229
2023-09-21,Jodhpur,19.2,0.0,5.4,15.71,2.4183707824444256
2023-09-22,Jodhpur,17.9,0.5,10.7,15.79,2.3891060223875464
2023-09-23,Jodhpur,14.2,0.0,10.7,15.616666666666667,2.584046990783308
2023-09-24,Jodhpur,15.3,0.0,8.6,15.59,2.5904799182580267
2023-09-25,Jodhpur,14.9,0.0,8.4,15.65,2.536730178793471
2023-09-26,Jodhpur,15.5,1.3,7.5,15.6,2.5300947235916658
2023-09-27,Jodhpur,18.1,6.5,5.7,15.683333333333334,2.5201372887254663
2023-09-28,Jodhpur,12.5,0.0,8.5,15.416666666666666,2.725243846519074
2023-09-29,Jodhpur,19.9,0.0,18.4,15.276666666666666,2.6083001907485746
2023-09-30,Jodhpur,15.7,0.0,14.0,15.156666666666668,2.6280559660937834
2023-10-01,Jodhpur,14.4,1.7,6.2,15.193333333333333,2.621914716692894
2023-10-02,Jodhpur,17.9,0.0,9.1,15.02,2.4085193620236844
2023-10-03,Jodhpur,11.8,0.0,9.1,15.01,2.4062203871893644
2023-10-04,Jodhpur,11.8,0.0,7.4,15.040000000000001,2.3936121887946724
2023-10-05,Jodhpur,13.1,0.0,9.8,15.02,2.390411881981605
2023-10-06,Jodhpur,16.1,0.0,14.9,14.846666666666666,2.4003926881810136
2023-10-07,Jodhpur,10.4,0.0,9.2,14.666666666666666,2.261115582663243
2023-10-08,Jodhpur,14.6,2.9,9.2,14.65,2.2381873823749228
2023-10-09,Jodhpur,14.3,0.0,5.2,14.593333333333334,2.2712495927672287
2023-10-10,Jodhpur,15.2,0.0,9.2,14.629999999999999,2.2918370887523682
2023-10-11,Jodhpur,16.6,0.0,7.1,14.663333333333332,2.3031437784839737
2023-10-12,Jodhpur,9.6,0.0,12.7,14.683333333333334,2.3132427356472145
2023-10-13,Jodhpur,15.4,4.2,9.2,14.46,2.2953626413214203
2023-10-14,Jodhpur,13.0,0.0,8.6,14.483333333333333,2.278245443066266
2023-10-15,Jodhpur,15.3,0.0,9.4,14.266666666666667,2.0421984998146785
2023-10-16,Jodhpur,15.5,0.0,6.1,14.26,2.0376795457176597
2023-10-17,Jodhpur,15.4,0.0,13.7,14.163333333333332,2.0986832215390363
2023-10-18,Jodhpur,14.5,1.2,8.7,14.19,2.1522001573373766
2023-10-19,Jodhpur,15.1,0.0,13.2,14.326666666666666,2.1252072245143716
2023-10-20,Jodhpur,12.2,8.5,6.2,14.41,2.0710400518950283
2023-10-21,Jodhpur,13.8,0.0,8.0,14.486666666666668,2.063430911476906
2023-10-22,Jodhpur,17.4,0.0,7.1,14.513333333333332,2.0899980751246203
2023-10-23,Jodhpur,12.5,0.0,7.8,14.88,2.2980351427345465
2023-10-24,Jodhpur,16.4,0.0,7.3,14.956666666666667,2.3265607788048155
2023-10-25,Jodhpur,15.9,0.0,6.2,15.03,2.3397833675146407
2023-10-26,Jodhpur,16.1,0.0,6.1,15.12,2.397757573090311
2023-10-27,Jodhpur,11.4,0.0,10.1,15.140000000000002,2.412982129776821
2023-10-28,Jodhpur,13.2,0.0,7.9,15.406666666666666,2.2134281935083577
2023-10-29,Jodhpur,13.4,0.0,10.6,15.499999999999998,2.2714115313674803
2023-10-30,Jodhpur,15.5,0.0,11.8,15.623333333333335,2.23107880714235
2023-10-31,Jodhpur,11.5,0.0,6.0,15.576666666666666,2.2526127869249217
2023-11-01,Jodhpur,18.7,0.0,7.2,15.466666666666667,2.335532625265538
2023-11-02,Jodhpur,15.9,0.0,7.6,15.45,2.337807696879233
2023-11-03,Jodhpur,14.3,0.0,8.4,15.496666666666666,2.3321565176870274
2023-11-04,Jodhpur,15.4,0.3,7.4,15.586666666666668,2.3681410333898105
2023-11-05,Jodhpur,16.9,0.0,6.6,15.806666666666667,2.3491646840196703
2023-11-06,Jodhpur,21.4,0.0,7.6,15.940000000000001,2.344854969414475
2023-11-07,Jodhpur,16.9,0.0,8.2,15.923333333333334,2.3358795631057023
2023-11-08,Jodhpur,16.5,0.0,7.7,16.036666666666665,2.2447614623808145
2023-11-09,Jodhpur,17.9,0.6,12.9,16.066666666666666,2.2557716522573785
2023-11-10,Jodhpur,17.2,0.0,8.0,16.063333333333336,2.2561002871655935
2023-11-11,Jodhpur,17.6,0.0,11.4,15.930000000000001,2.3692207361394755
2023-11-12,Jodhpur,18.2,0.0,11.1,16.1,2.2106326134673946
2023-11-13,Jodhpur,16.7,0.0,7.4,16.096666666666668,2.2152268247425626
2023-11-14,Jodhpur,13.9,0.0,7.3,16.206666666666667,2.1578938220236825
2023-11-15,Jodhpur,12.2,0.0,7.4,16.196666666666665,2.161972811296004
2023-11-16,Jodhpur,14.9,0.0,6.0,16.37333333333333,1.9732579979410472
2023-11-17,Jodhpur,15.9,0.0,5.9,16.603333333333335,2.5666942825804946
2023-11-18,Jodhpur,17.8,0.0,7.9,16.74,2.6361675421616004
2023-11-19,Jodhpur,18.8,0.0,6.3,16.976666666666667,2.7267112100459037
2023-11-20,Jodhpur,17.8,0.0,23.7,17.233333333333334,2.928143266390363
2023-11-21,Jodhpur,16.9,0.0,6.4,17.32,2.9562791151882166
2023-11-22,Jodhpur,15.9,6.9,16.9,17.34333333333333,2.9921372056563076
2023-11-23,Jodhpur,17.3,4.4,9.9,17.459999999999997,3.04207279606409
2023-11-24,Jodhpur,15.8,0.0,5.5,17.5,3.036899507835437
2023-11-25,Jodhpur,12.1,2.9,6.0,17.523333333333333,3.042762281028874
2023-11-26,Jodhpur,16.5,0.0,13.8,17.603333333333335,3.065433910145956
2023-11-27,Jodhpur,13.1,0.0,15.0,17.843333333333337,3.3351506540273292
2023-11-28,Jodhpur,16.7,0.0,8.9,17.95,3.397539677777202
2023-11-29,Jodhpur,15.2,0.0,6.5,18.143333333333334,3.4877799809339667
2023-11-30,Jodhpur,16.8,0.3,10.6,18.40333333333333,3.4510851200381247
2023-12-01,Jodhpur,25.6,0.0,6.6,18.803333333333335,3.4023808432185056
2023-12-02,Jodhpur,20.0,0.0,8.0,19.12,3.4680213975398875
2023-12-03,Jodhpur,21.4,0.6,7.3,19.189999999999998,3.4216702918616084
2023-12-04,Jodhpur,23.1,0.0,7.5,19.263333333333332,3.4144200631758093
2023-12-05,Jodhpur,19.5,0.0,10.9,19.336666666666666,3.4277250255200045
2023-12-06,Jodhpur,22.1,0.0,15.7,19.439999999999998,3.4265293590274783
2023-12-07,Jodhpur,20.4,0.0,9.8,19.64333333333333,3.451504752636545
2023-12-08,Jodhpur,17.7,0.0,16.8,19.84,3.398539239955694
2023-12-09,Jodhpur,18.6,0.7,10.5,19.993333333333332,3.3837271159778353
2023-12-10,Jodhpur,19.6,0.0,13.4,20.17,3.294420570685094
2023-12-11,Jodhpur,24.8,0.0,5.8,20.509999999999998,2.940132532785928
2023-12-12,Jodhpur,21.4,0.0,9.7,20.746666666666666,2.891573170836286
2023-12-13,Jodhpur,22.5,2.0,7.7,21.05333333333333,2.516118155952537
2023-12-14,Jodhpur,21.7,0.7,5.6,21.243333333333336,2.3879992106126013
2023-12-15,Jodhpur,24.2,0.0,6.2,21.503333333333334,2.116516874055641
2023-12-16,Jodhpur,24.4,0.0,11.0,21.623333333333335,1.9349210682173126
2023-12-17,Jodhpur,18.0,2.0,5.4,21.586666666666666,1.8661657784465504
2023-12-18,Jodhpur,20.0,0.0,6.8,21.88,2.2585317171212616
2023-12-19,Jodhpur,21.0,0.0,6.7,22.186666666666667,2.7600266532115434
2023-12-20,Jodhpur,20.9,0.0,6.6,22.366666666666667,2.9882913274097946
2023-12-21,Jodhpur,23.0,0.0,8.0,22.413333333333334,2.952699913911084
2023-12-22,Jodhpur,21.8,0.0,7.9,22.6,3.10527915342421
2023-12-23,Jodhpur,21.9,0.0,7.4,22.89,3.293289938752884
2023-12-24,Jodhpur,21.1,0.7,6.3,23.259999999999998,3.3135666792645573
2023-12-25,Jodhpur,22.3,0.0,6.8,23.59666666666667,3.3367838462781663
2023-12-26,Jodhpur,23.6,0.0,8.3,23.873333333333335,3.3380701975362146
2023-12-27,Jodhpur,22.3,0.0,13.7,23.933333333333334,3.3713123744972195
2023-12-28,Jodhpur,22.4,0.0,9.1,24.113333333333333,3.375544230279912
2023-12-29,Jodhpur,23.0,0.0,12.3,24.426666666666666,3.6460591227293704
2023-12-30,Jodhpur,20.4,0.0,8.6,24.716666666666665,3.765733278717182
2023-12-31,Jodhpur,24.5,0.0,11.8,24.78666666666667,3.77530390038089
2024-01-01,Jodhpur,28.8,0.0,9.3,25.023333333333333,3.967860826721516
2024-01-02,Jodhpur,30.6,0.0,14.4,25.4,3.811416606948838
2024-01-03,Jodhpur,28.5,2.9,8.4,25.68,3.708182936379545
2024-01-04,Jodhpur,20.9,1.6,9.4,25.883333333333333,3.6086183556567537
2024-01-05,Jodhpur,27.7,0.0,9.3,25.953333333333333,3.528087626300092
2024-01-06,Jodhpur,29.1,0.0,9.4,26.173333333333336,3.543321384913151
2024-01-07,Jodhpur,28.8,0.0,7.0,26.396666666666665,3.468526799798551
2024-01-08,Jodhpur,28.7,0.0,7.4,26.6,3.3733233383162107
2024-01-09,Jodhpur,27.9,0.0,6.0,26.946666666666665,3.3226218701434047
2024-01-10,Jodhpur,26.6,1.5,6.4,27.183333333333334,3.231854739537731
2024-01-11,Jodhpur,26.8,0.0,5.9,27.363333333333333,3.1752798772473274
2024-01-12,Jodhpur,31.9,0.0,5.7,27.540000000000003,3.0278705388442924
2024-01-13,Jodhpur,30.4,0.0,6.0,27.719999999999995,2.8680643478571914
2024-01-14,Jodhpur,26.3,1.6,6.2,27.846666666666668,2.7331595122753902
2024-01-15,Jodhpur,31.5,0.0,10.4,28.156666666666663,2.3615721434051
2024-01-16,Jodhpur,29.3,0.0,6.5,28.32333333333333,2.2692370483513624
2024-01-17,Jodhpur,28.4,0.0,9.3,28.3,2.267765115855446
2024-01-18,Jodhpur,27.1,13.6,5.8,28.493333333333332,2.6803156444762606
2024-01-19,Jodhpur,23.0,0.0,9.2,28.66,2.831911746141153
2024-01-20,Jodhpur,29.6,0.2,5.5,29.15,2.712137469814833
2024-01-21,Jodhpur,28.5,0.7,6.5,29.293333333333333,2.7462743833249683
2024-01-22,Jodhpur,28.0,2.4,5.7,29.5,2.956465737189186
2024-01-23,Jodhpur,31.5,0.0,6.4,29.696666666666665,3.1009990974361843
2024-01-24,Jodhpur,29.4,0.0,5.3,29.973333333333333,3.3677920049354175
2024-01-25,Jodhpur,29.0,0.3,10.7,30.183333333333334,3.429897287427135
2024-01-26,Jodhpur,27.6,0.0,11.0,30.493333333333332,3.5141029495777496
2024-01-27,Jodhpur,27.8,0.0,14.7,30.82,3.6130415117347305
2024-01-28,Jodhpur,26.8,0.0,6.3,30.886666666666667,3.6518992067269735
2024-01-29,Jodhpur,29.7,0.0,5.9,31.17666666666667,3.9455503818977005
2024-01-30,Jodhpur,29.5,0.0,11.0,31.470000000000002,3.897315610201254
2024-01-31,Jodhpur,28.1,0.0,7.2,31.616666666666667,3.9803901501143786
2024-02-01,Jodhpur,36.4,0.0,9.0,31.753333333333334,3.968473460815446
2024-02-02,Jodhpur,33.5,0.0,9.4,31.94666666666667,3.94065750975602
2024-02-03,Jodhpur,35.6,0.0,7.1,32.22,3.876756554042496
2024-02-04,Jodhpur,32.0,0.0,9.0,32.62,3.492691877581706
2024-02-05,Jodhpur,35.3,0.0,11.1,32.776666666666664,3.457793130500206
2024-02-06,Jodhpur,34.7,0.0,6.1,32.91,3.363018963925897
2024-02-07,Jodhpur,37.0,0.0,10.4,33.083333333333336,3.232708198840663
2024-02-08,Jodhpur,34.2,0.0,8.7,33.263333333333335,3.291313890597165
2024-02-09,Jodhpur,35.9,0.0,10.8,33.416666666666664,3.2113036705314673
2024-02-10,Jodhpur,36.6,0.0,6.2,33.46666666666667,3.151281439770928
2024-02-11,Jodhpur,33.9,0.0,7.5,33.67666666666666,2.9503574690879995
2024-02-12,Jodhpur,39.1,0.3,9.3,33.89666666666667,2.735271950589045
2024-02-13,Jodhpur,35.1,0.0,11.3,34.2,2.405883592792882
2024-02-14,Jodhpur,35.9,0.0,11.6,34.41,2.2707054957164465
2024-02-15,Jodhpur,33.4,0.0,11.1,34.59,2.073536043607377
2024-02-16,Jodhpur,34.2,0.0,13.0,34.99666666666667,1.9494443652831732
2024-02-17,Jodhpur,35.3,0.6,8.2,35.163333333333334,2.2622057184625475
2024-02-18,Jodhpur,35.0,0.0,7.5,35.43,2.516586357857144
2024-02-19,Jodhpur,34.3,0.0,7.3,35.489999999999995,2.5421074613061787
2024-02-20,Jodhpur,32.5,0.0,9.6,35.626666666666665,2.4567897940106675
2024-02-21,Jodhpur,33.2,0.0,9.2,35.8,2.6115129714403005
2024-02-22,Jodhpur,36.9,0.0,13.2,35.99333333333333,2.738856208955533
2024-02-23,Jodhpur,34.0,0.0,8.0,36.07333333333333,2.803560954034965
2024-02-24,Jodhpur,30.5,1.0,9.3,36.25,2.8480786021700424
2024-02-25,Jodhpur,33.9,0.0,7.5,36.35,2.887756556747021
2024-02-26,Jodhpur,34.4,0.0,10.7,36.476666666666674,2.9809375212754885
2024-02-27,Jodhpur,35.9,0.0,6.7,36.69666666666667,3.0274016779312833
2024-02-28,Jodhpur,36.0,0.0,6.1,36.78333333333333,3.1339171625315996
2024-02-29,Jodhpur,34.9,4.1,11.2,37.04666666666666,3.3143089291980354
2024-03-01,Jodhpur,40.3,0.0,11.2,37.14,3.320324039026739
2024-03-02,Jodhpur,41.4,0.0,9.6,37.336666666666666,3.265439013980186
2024-03-03,Jodhpur,41.5,0.0,8.2,37.376666666666665,3.232878863664294
2024-03-04,Jodhpur,37.4,0.0,8.9,37.49666666666667,3.219925393581469
2024-03-05,Jodhpur,36.1,0.0,6.0,37.666666666666664,3.218195396366773
2024-03-06,Jodhpur,40.5,0.0,10.4,37.96666666666667,3.3116652060228664
2024-03-07,Jodhpur,40.5,0.9,6.2,38.080000000000005,3.1734241269732655
2024-03-08,Jodhpur,39.4,0.0,7.7,38.309999999999995,3.0553909394878254
2024-03-09,Jodhpur,39.5,0.0,10.3,38.36,3.0437726137375596
2024-03-10,Jodhpur,38.9,0.0,11.1,38.629999999999995,3.002659740503777
2024-03-11,Jodhpur,40.4,0.0,11.4,38.91,2.580343468182853
2024-03-12,Jodhpur,40.5,0.0,6.2,39.120000000000005,2.409235105402594
2024-03-13,Jodhpur,41.7,0.0,6.1,39.35,2.268335254671803
2024-03-14,Jodhpur,43.0,0.0,8.1,39.46333333333334,2.1729502165670844
2024-03-15,Jodhpur,38.7,0.0,7.3,39.60333333333334,2.075220525603443
2024-03-16,Jodhpur,39.3,0.0,6.4,39.84,1.9193389666669816
2024-03-17,Jodhpur,35.4,0.0,17.0,39.83666666666667,1.918599225608753
2024-03-18,Jodhpur,38.9,0.0,5.3,39.85333333333333,1.9347517587062302
2024-03-19,Jodhpur,40.1,0.0,10.4,39.82666666666667,1.9167021485973093
2024-03-20,Jodhpur,43.3,0.0,6.4,39.980000000000004,1.8998003524873608
2024-03-21,Jodhpur,35.9,0.0,5.4,40.2,1.8152609767727204
2024-03-22,Jodhpur,40.1,0.0,9.6,40.266666666666666,1.8627627485732072
2024-03-23,Jodhpur,38.4,0.0,9.6,40.346666666666664,1.9236698643808867
2024-03-24,Jodhpur,42.1,0.0,6.0,40.50666666666667,2.0384127248382122
2024-03-25,Jodhpur,38.9,0.0,6.1,40.54,2.029540460981095
2024-03-26,Jodhpur,40.2,0.0,6.9,40.656666666666666,2.0326105743912595
2024-03-27,Jodhpur,41.3,0.0,10.1,40.58,2.085318134994913
2024-03-28,Jodhpur,39.3,0.0,10.9,40.519999999999996,2.113405488452565
2024-03-29,Jodhpur,40.2,0.0,8.0,40.620000000000005,2.2384415761095715
2024-03-30,Jodhpur,42.0,0.0,5.5,40.63,2.2500804583317118
2024-03-31,Jodhpur,40.2,0.0,10.7,40.74333333333333,2.235093662055719
2024-04-01,Jodhpur,41.9,0.0,7.6,40.88,2.2688900521987034
2024-04-02,Jodhpur,40.7,0.0,5.9,41.21,2.1617920407816538
2024-04-03,Jodhpur,42.0,0.0,6.7,41.16333333333333,2.2274902118031545
2024-04-04,Jodhpur,42.7,0.0,18.1,41.24666666666667,2.233094857743141
2024-04-05,Jodhpur,42.5,0.0,11.8,41.153333333333336,2.202621217977744
2024-04-06,Jodhpur,42.9,0.0,5.6,41.313333333333325,1.9698999332776097
2024-04-07,Jodhpur,44.2,0.0,11.6,41.373333333333335,1.9590520813577048
2024-04-08,Jodhpur,40.5,0.0,7.7,41.47666666666667,1.8768431553770661
2024-04-09,Jodhpur,42.4,0.0,6.0,41.50666666666667,1.894262359088137
2024-04-10,Jodhpur,38.1,0.0,5.5,41.559999999999995,1.8400899528238932
2024-04-11,Jodhpur,38.7,0.0,10.1,41.50333333333333,1.908327184651218
2024-04-12,Jodhpur,44.7,0.0,8.4,41.60666666666667,1.979539015186201
2024-04-13,Jodhpur,43.3,0.0,12.3,41.61666666666667,1.9682099925346683
2024-04-14,Jodhpur,42.1,0.0,7.9,41.70666666666667,1.9629206482344201
2024-04-15,Jodhpur,43.4,0.0,7.7,41.63666666666666,1.9893654045057567
2024-04-16,Jodhpur,45.3,0.0,16.5,41.67999999999999,1.9710665763176376
2024-04-17,Jodhpur,37.5,0.0,8.3,41.64,1.9786097522565718
2024-04-18,Jodhpur,42.6,0.0,10.4,41.559999999999995,2.064578106689445
2024-04-19,Jodhpur,40.5,0.0,10.6,41.419999999999995,2.1732543529829447
2024-04-20,Jodhpur,40.7,0.0,11.1,41.39333333333333,2.161885086316449
2024-04-21,Jodhpur,41.9,0.0,6.7,41.26333333333333,2.2097719235305022
2024-04-22,Jodhpur,41.5,0.0,5.9,41.11666666666667,2.2431633041747365
2024-04-23,Jodhpur,43.0,0.0,6.8,41.04666666666667,2.1753689078080978
2024-04-24,Jodhpur,40.5,0.0,10.5,40.98666666666667,2.215421394232645
2024-04-25,Jodhpur,38.5,0.0,7.0,40.93333333333333,2.199425212269912
2024-04-26,Jodhpur,44.4,0.0,9.2,41.026666666666664,2.133466231492841
2024-04-27,Jodhpur,39.6,0.0,16.5,41.03666666666666,2.122861330818804
2024-04-28,Jodhpur,42.9,2.3,12.9,40.833333333333336,2.050791829132718
2024-04-29,Jodhpur,39.9,0.7,5.5,40.70333333333333,2.012286970234479
2024-04-30,Jodhpur,41.5,0.0,6.2,40.82000000000001,2.189693727599911
2024-05-01,Jodhpur,40.7,0.0,5.8,40.75,2.1373122018733266
2024-05-02,Jodhpur,38.3,0.0,11.8,40.65,1.981596361000844
2024-05-03,Jodhpur,37.8,0.0,7.6,40.78666666666667,1.8964091900464668
2024-05-04,Jodhpur,41.9,0.0,10.5,40.739999999999995,1.8672494985019858
2024-05-05,Jodhpur,38.6,0.0,6.3,40.78333333333333,1.8765491684498803
2024-05-06,Jodhpur,38.5,0.0,7.2,40.77333333333333,1.8778074766974844
2024-05-07,Jodhpur,42.1,0.0,8.1,40.80333333333333,1.903442133090399
2024-05-08,Jodhpur,38.7,0.0,7.6,40.766666666666666,1.900151234150698
2024-05-09,Jodhpur,40.8,0.0,16.1,40.82666666666667,1.998953749328573
2024-05-10,Jodhpur,40.9,0.0,5.6,40.75333333333333,2.051027216708473
2024-05-11,Jodhpur,39.0,0.0,5.8,40.88333333333333,2.0267322660286564
2024-05-12,Jodhpur,38.6,0.0,8.1,40.75333333333333,1.915406382258383
2024-05-13,Jodhpur,39.4,0.0,8.2,40.78666666666666,1.9033062582370759
2024-05-14,Jodhpur,45.6,0.4,11.0,40.67666666666666,1.8720601473785639
2024-05-15,Jodhpur,41.3,0.0,8.6,40.663333333333334,1.8791933950747874
2024-05-16,Jodhpur,42.3,0.0,7.5,40.67333333333333,1.8845896531925168
2024-05-17,Jodhpur,41.6,0.0,6.6,40.56666666666667,1.9715796805562713
2024-05-18,Jodhpur,41.2,0.0,9.5,40.36666666666667,2.4545992486076305
2024-05-19,Jodhpur,41.8,0.0,6.9,40.25,2.65573549783926
2024-05-20,Jodhpur,40.4,5.9,7.7,40.01,2.8216344004239766
2024-05-21,Jodhpur,42.8,0.0,8.5,39.92333333333333,2.9051302224162363
2024-05-22,Jodhpur,40.4,0.0,7.5,39.77,3.097846860710615
2024-05-23,Jodhpur,44.8,0.0,13.0,39.47333333333333,3.2873774615509985
2024-05-24,Jodhpur,38.3,9.6,11.8,39.38999999999999,3.3389395384433302
2024-05-25,Jodhpur,42.4,0.0,6.5,39.18999999999999,3.430024630453564
2024-05-26,Jodhpur,40.5,0.0,9.6,38.99666666666667,3.4931937104677515
2024-05-27,Jodhpur,40.6,0.0,7.2,38.84666666666667,3.588365619065712
2024-05-28,Jodhpur,39.6,0.0,10.5,38.733333333333334,3.6495945295177608
2024-05-29,Jodhpur,39.5,0.0,8.2,38.68333333333333,3.650421169213847
2024-05-30,Jodhpur,41.8,0.0,10.9,38.333333333333336,3.4629400836557154
2024-05-31,Jodhpur,37.5,0.0,7.8,38.276666666666664,3.4264371093555432
2024-06-01,Jodhpur,32.3,0.0,7.2,38.019999999999996,3.4029804380968676
2024-06-02,Jodhpur,34.3,0.0,7.8,37.766666666666666,3.4101606123905457
2024-06-03,Jodhpur,34.7,1.1,13.2,37.59,3.363121497492706
2024-06-04,Jodhpur,36.0,0.0,12.3,37.333333333333336,3.324344201164668
2024-06-05,Jodhpur,33.9,0.0,7.3,37.15,3.300966420663184
2024-06-06,Jodhpur,33.2,0.0,8.3,36.93,3.126764329528995
2024-06-07,Jodhpur,36.2,0.0,6.0,36.809999999999995,3.0573089361455787
2024-06-08,Jodhpur,34.8,0.0,8.2,36.373333333333335,2.8015923222751486
2024-06-09,Jodhpur,35.1,0.0,6.2,36.11666666666667,2.96683778403586
2024-06-10,Jodhpur,34.5,2.5,9.4,35.76,2.8252067364087745
2024-06-11,Jodhpur,35.2,0.0,8.7,35.68666666666666,2.724693381463271
2024-06-12,Jodhpur,37.9,0.0,9.6,35.440000000000005,2.5964963130051917
2024-06-13,Jodhpur,35.1,0.2,20.8,35.276666666666664,2.4771623550616604
2024-06-14,Jodhpur,39.6,0.9,7.5,35.220000000000006,2.395311512388444
2024-06-15,Jodhpur,34.6,4.1,16.8,34.95666666666667,2.057397642040207
2024-06-16,Jodhpur,34.0,0.0,5.8,34.843333333333334,2.005455203866194
2024-06-17,Jodhpur,35.9,1.1,6.7,34.733333333333334,2.2279313636018747
2024-06-18,Jodhpur,34.1,0.0,12.1,34.54333333333334,2.4933958748075153
2024-06-19,Jodhpur,34.9,0.0,8.6,34.31333333333334,2.780192666771357
2024-06-20,Jodhpur,36.2,0.0,5.7,34.13,2.845704567020275
2024-06-21,Jodhpur,36.8,0.0,7.2,33.843333333333334,3.271052064580578
2024-06-22,Jodhpur,31.7,0.0,7.7,33.66,3.457186418322848
2024-06-23,Jodhpur,30.6,0.0,7.9,33.46666666666667,3.4723869692719034
2024-06-24,Jodhpur,31.7,0.0,10.6,33.17666666666666,3.7122057141771316
2024-06-25,Jodhpur,38.3,0.0,9.2,33.02333333333333,3.7250025071350574
2024-06-26,Jodhpur,33.2,0.0,21.3,32.81666666666667,3.811243197782745
2024-06-27,Jodhpur,34.7,0.0,7.7,32.57666666666667,3.882026073686677
2024-06-28,Jodhpur,37.8,0.0,20.1,32.35666666666666,3.754875757468494
2024-06-29,Jodhpur,33.9,0.0,7.0,32.10666666666667,3.815118141916871
2024-06-30,Jodhpur,34.1,0.0,6.3,31.76,3.5757420257177976
2024-07-01,Jodhpur,29.0,1.3,9.0,31.586666666666666,3.559323195383791
2024-07-02,Jodhpur,28.6,0.0,7.1,31.396666666666665,3.578140851618991
2024-07-03,Jodhpur,27.8,0.0,7.6,31.05666666666667,3.619838378306301
2024-07-04,Jodhpur,30.5,0.0,8.7,30.936666666666667,3.574862749555939
2024-07-05,Jodhpur,25.3,0.0,5.9,30.71333333333333,3.5276966533650067
2024-07-06,Jodhpur,27.7,0.0,12.0,30.556666666666665,3.376764757854301
2024-07-07,Jodhpur,30.4,0.0,15.4,30.243333333333336,3.209434726609906
2024-07-08,Jodhpur,26.1,0.0,12.9,30.02,3.335224750737623
2024-07-09,Jodhpur,30.5,0.0,10.5,29.916666666666668,3.364529309021721
2024-07-10,Jodhpur,28.3,0.0,8.5,29.7,3.45383345244718
2024-07-11,Jodhpur,28.0,0.0,9.6,29.493333333333332,3.0875649744201685
2024-07-12,Jodhpur,31.3,0.0,12.8,29.323333333333334,3.01601282048588
2024-07-13,Jodhpur,27.6,0.0,7.3,29.163333333333334,2.8433204645923555
2024-07-14,Jodhpur,29.2,0.0,8.9,28.84,2.333060739414001
2024-07-15,Jodhpur,29.4,0.0,11.7,28.523333333333333,2.2663480168180836
2024-07-16,Jodhpur,28.3,0.0,6.8,28.3,2.0139170958526225
2024-07-17,Jodhpur,25.7,0.0,10.0,28.28666666666667,2.010443995109839
2024-07-18,Jodhpur,30.5,1.3,7.5,27.903333333333332,2.8638632376005906
2024-07-19,Jodhpur,28.2,5.2,9.8,27.69,3.1004282240387036
2024-07-20,Jodhpur,31.5,2.5,10.4,27.323333333333334,3.393267506079961
2024-07-21,Jodhpur,27.4,3.4,8.9,27.223333333333333,3.497554153615537
2024-07-22,Jodhpur,25.0,0.0,8.7,27.053333333333335,3.596140971243969
2024-07-23,Jodhpur,27.5,0.0,12.7,26.816666666666666,3.6019231772366704
2024-07-24,Jodhpur,25.2,0.0,7.5,26.59666666666667,3.8408407245375913
2024-07-25,Jodhpur,32.1,3.9,8.5,26.313333333333336,3.8564530186506327
2024-07-26,Jodhpur,28.1,0.0,8.9,26.07333333333333,3.951423430415792
2024-07-27,Jodhpur,29.9,0.0,7.4,25.8,4.0945716798441145
2024-07-28,Jodhpur,28.1,0.0,6.3,25.43,4.081932436211466
2024-07-29,Jodhpur,24.4,0.6,13.4,25.163333333333334,4.1950285300362715
2024-07-30,Jodhpur,27.4,0.0,6.0,24.939999999999998,4.1508287498217795
2024-07-31,Jodhpur,28.6,0.0,8.0,24.676666666666666,4.108501139004057
2024-08-01,Jodhpur,17.1,0.0,10.0,24.45,4.089241561919078
2024-08-02,Jodhpur,21.4,0.0,10.2,24.296666666666667,4.126824222198202
2024-08-03,Jodhpur,19.5,0.0,9.8,24.05,3.9610822275983337
2024-08-04,Jodhpur,22.3,0.0,5.7,23.903333333333332,3.882807670011629
2024-08-05,Jodhpur,22.6,0.0,8.0,23.493333333333336,3.697989512800696
2024-08-06,Jodhpur,23.3,0.0,14.3,23.236666666666665,3.6846824907274716
2024-08-07,Jodhpur,19.5,0.0,8.0,23.10333333333333,3.6910407216932395
2024-08-08,Jodhpur,22.0,1.2,6.1,22.959999999999997,3.5967034715237958
2024-08-09,Jodhpur,21.1,0.2,5.6,22.740000000000002,3.656321875214871
2024-08-10,Jodhpur,19.8,0.0,6.5,22.303333333333335,3.2607893410091964
2024-08-11,Jodhpur,20.2,0.0,8.0,22.136666666666667,3.0768863945651113
2024-08-12,Jodhpur,19.6,0.0,9.6,21.78666666666667,2.742354052110865
2024-08-13,Jodhpur,22.5,0.0,8.1,21.493333333333332,2.5040564791108806
2024-08-14,Jodhpur,21.5,1.1,10.0,21.4,2.4434289078237335
2024-08-15,Jodhpur,21.5,0.2,9.6,21.05,2.302285221553102
2024-08-16,Jodhpur,21.1,0.0,12.1,20.783333333333335,1.807853238881923
2024-08-17,Jodhpur,23.1,0.3,5.6,20.95,1.682721523051406
2024-08-18,Jodhpur,23.8,0.0,14.7,20.823333333333334,1.7874434321093993
2024-08-19,Jodhpur,19.2,2.0,10.2,20.756666666666668,1.8737171856917338
2024-08-20,Jodhpur,19.7,0.0,8.2,20.53333333333334,2.0722024487265465
2024-08-21,Jodhpur,21.0,0.0,9.7,20.403333333333332,2.0603788291338048
2024-08-22,Jodhpur,23.2,0.0,6.0,20.223333333333333,2.0343063434136823
2024-08-23,Jodhpur,18.6,0.0,8.6,20.226666666666667,2.0331618544619987
2024-08-24,Jodhpur,19.0,0.0,6.7,19.926666666666666,2.394380394019915
2024-08-25,Jodhpur,23.1,0.0,12.0,19.720000000000002,2.551997189491992
2024-08-26,Jodhpur,19.4,2.1,13.5,19.61,2.618679583038618
2024-08-27,Jodhpur,19.3,0.0,11.4,19.44,2.7417085033321857
2024-08-28,Jodhpur,21.6,0.0,13.5,19.333333333333332,2.7969605835173597
2024-08-29,Jodhpur,16.9,0.0,12.6,19.183333333333334,2.7413919612233717
2024-08-30,Jodhpur,20.6,1.8,8.3,19.063333333333336,2.7151533052973327
2024-08-31,Jodhpur,22.1,0.0,7.1,18.9,2.7108975482751196
2024-09-01,Jodhpur,17.6,3.8,8.4,18.743333333333332,2.715178705408088
2024-09-02,Jodhpur,17.5,0.0,8.1,18.459999999999997,2.688237468985559
2024-09-03,Jodhpur,15.6,0.0,7.8,18.09666666666667,2.6781984852582377
2024-09-04,Jodhpur,18.7,7.3,5.5,18.009999999999998,2.683326551002149
2024-09-05,Jodhpur,17.9,0.0,7.4,17.873333333333335,2.698650152146609
2024-09-06,Jodhpur,19.6,1.1,11.6,17.723333333333336,2.643362974715111
2024-09-07,Jodhpur,13.0,0.0,5.6,17.523333333333333,2.433343567921105
2024-09-08,Jodhpur,14.9,0.0,6.0,17.486666666666668,2.4248332091005373
2024-09-09,Jodhpur,16.5,0.0,18.4,17.39333333333333,2.4184539566079564
2024-09-10,Jodhpur,15.1,0.0,7.5,17.173333333333336,2.1687328786306037
2024-09-11,Jodhpur,16.4,0.0,9.5,17.2,2.2017234628579856
2024-09-12,Jodhpur,18.0,0.0,16.5,17.05333333333333,2.2035603374816763
2024-09-13,Jodhpur,17.9,0.0,9.0,16.836666666666666,2.0556873728063514
2024-09-14,Jodhpur,16.6,0.2,8.0,16.723333333333333,2.143906092471444
2024-09-15,Jodhpur,16.4,0.0,7.0,16.580000000000002,2.0156970215688355
2024-09-16,Jodhpur,14.6,0.0,7.3,16.356666666666666,1.7345740475516316
2024-09-17,Jodhpur,12.9,0.0,10.1,16.246666666666666,1.7574929898006075
2024-09-18,Jodhpur,16.6,0.0,9.6,15.963333333333335,2.1822928994187447
2024-09-19,Jodhpur,15.6,0.0,11.3,15.84,2.304657952032139
2024-09-20,Jodhpur,16.5,0.0,10.8,15.793333333333333,2.258460466371689
2024-09-21,Jodhpur,17.2,0.0,6.7,15.759999999999998,2.233537475659481
2024-09-22,Jodhpur,17.5,0.0,9.3,15.639999999999999,2.1136012738524044
2024-09-23,Jodhpur,16.2,0.0,11.5,15.763333333333334,2.0615500250418464
2024-09-24,Jodhpur,16.5,0.0,9.5,15.669999999999998,2.162876437238507
2024-09-25,Jodhpur,20.2,0.0,11.9,15.469999999999999,2.3525701279450697
2024-09-26,Jodhpur,14.9,0.0,6.0,15.42,2.3765231050777627
2024-09-27,Jodhpur,15.1,0.3,10.9,15.463333333333333,2.406669373068785
2024-09-28,Jodhpur,13.5,0.0,9.6,15.35,2.36274971313076
2024-09-29,Jodhpur,16.3,0.0,6.6,15.176666666666668,2.359965419579733
2024-09-30,Jodhpur,15.4,0.0,10.9,15.12,2.344972612148614
2024-10-01,Jodhpur,14.3,0.5,9.1,15.09,2.3337626862783254
2024-10-02,Jodhpur,9.0,0.0,5.4,15.103333333333332,2.3320086551767014
2024-10-03,Jodhpur,11.9,0.0,6.7,15.096666666666666,2.3388006554108203
2024-10-04,Jodhpur,17.3,0.0,6.5,15.053333333333333,2.321969041543839
2024-10-05,Jodhpur,16.9,0.0,8.9,14.836666666666668,2.5602375069428613
2024-10-06,Jodhpur,16.0,0.0,6.7,14.616666666666667,2.6925290423096926
2024-10-07,Jodhpur,16.7,0.0,8.5,14.586666666666668,2.667652116767654
2024-10-08,Jodhpur,12.1,0.0,7.3,14.506666666666668,2.612692274176817
2024-10-09,Jodhpur,10.5,0.0,10.3,14.423333333333334,2.596640181058604
2024-10-10,Jodhpur,13.6,0.0,7.6,14.346666666666666,2.566996545453621
2024-10-11,Jodhpur,17.7,0.0,10.7,14.266666666666667,2.410942487527219
2024-10-12,Jodhpur,14.6,0.0,5.7,14.293333333333333,2.4225853009198453
2024-10-13,Jodhpur,12.7,0.0,8.6,14.333333333333334,2.4461557924471102
2024-10-14,Jodhpur,14.9,0.0,9.2,14.34,2.4440779941283215
2024-10-15,Jodhpur,15.5,0.0,9.0,14.309999999999999,2.4246364818191877
2024-10-16,Jodhpur,15.0,0.0,12.5,14.213333333333333,2.4374567488064005
2024-10-17,Jodhpur,12.7,1.1,7.8,14.193333333333333,2.439182075082817
2024-10-18,Jodhpur,15.3,0.0,12.2,14.423333333333334,2.25062188085376
2024-10-19,Jodhpur,9.1,0.0,8.3,14.626666666666667,2.289998243236439
2024-10-20,Jodhpur,9.9,0.0,9.6,14.596666666666666,2.259460315992122
2024-10-21,Jodhpur,16.3,0.0,7.9,14.583333333333334,2.246542682210044
2024-10-22,Jodhpur,15.1,0.0,6.7,14.620000000000001,2.2792013120153833
2024-10-23,Jodhpur,13.7,0.0,9.8,14.503333333333332,2.2585444402332993
2024-10-24,Jodhpur,14.2,0.0,9.2,14.633333333333333,2.2274669908677183
2024-10-25,Jodhpur,17.8,3.7,6.4,14.879999999999999,2.1627568613652075
2024-10-26,Jodhpur,15.7,0.0,6.9,14.926666666666666,2.149247395675766
2024-10-27,Jodhpur,16.3,0.0,9.7,14.796666666666665,2.0929245885450127
2024-10-28,Jodhpur,13.7,0.0,7.4,14.843333333333332,2.1039672433102456
2024-10-29,Jodhpur,15.4,0.0,20.4,14.876666666666665,2.0765826259269877
2024-10-30,Jodhpur,12.5,0.0,7.8,14.903333333333334,2.082022116106597
2024-10-31,Jodhpur,13.7,0.0,7.1,14.906666666666666,2.0830901007443394
2024-11-01,Jodhpur,15.9,0.5,5.9,14.906666666666666,2.0830901007443394
2024-11-02,Jodhpur,18.0,0.0,9.5,15.033333333333333,2.059684162821493
2024-11-03,Jodhpur,16.4,0.0,8.8,15.183333333333334,2.2360808284289093
2024-11-04,Jodhpur,16.5,0.0,6.1,15.416666666666666,1.9226568064543477
2024-11-05,Jodhpur,17.1,0.0,14.6,15.69,1.6787413183084567
2024-11-06,Jodhpur,13.2,0.0,10.2,15.603333333333333,1.7129291978317516
2024-11-07,Jodhpur,16.0,0.0,6.5,15.77,1.8957575139576905
2024-11-08,Jodhpur,17.9,0.0,8.2,15.816666666666666,1.8599375839244865
2024-11-09,Jodhpur,15.0,0.0,10.9,15.806666666666667,1.8697101625537915
2024-11-10,Jodhpur,13.8,0.0,6.6,15.666666666666666,1.872548205417449
2024-11-11,Jodhpur,16.0,0.0,9.1,15.806666666666667,2.0258558571689873
2024-11-12,Jodhpur,13.7,0.0,22.1,15.846666666666666,2.047661969230465
2024-11-13,Jodhpur,15.7,0.0,11.0,16.0,2.053592310881893
2024-11-14,Jodhpur,15.6,0.0,9.3,15.993333333333334,2.0559305860645036
2024-11-15,Jodhpur,15.0,0.0,9.6,16.07,1.9619044231358787
2024-11-16,Jodhpur,16.5,0.0,6.2,16.119999999999997,1.9180449816745742
2024-11-17,Jodhpur,19.8,0.0,9.3,16.356666666666666,2.2916164048830905
2024-11-18,Jodhpur,16.1,0.0,10.7,16.503333333333334,2.528933717425051
2024-11-19,Jodhpur,18.1,0.7,8.8,16.703333333333333,2.7482261781810498
2024-11-20,Jodhpur,13.7,0.0,9.9,16.790000000000003,2.7823768058366936
2024-11-21,Jodhpur,20.1,0.0,7.7,16.76,2.783770700030385
2024-11-22,Jodhpur,15.1,0.0,6.7,16.943333333333335,2.7216479963608027
2024-11-23,Jodhpur,13.9,0.0,11.5,17.066666666666666,2.7609760060076467
2024-11-24,Jodhpur,13.6,0.0,8.0,17.12,2.792897395550322
2024-11-25,Jodhpur,19.9,0.0,11.2,17.35,2.8945549357137548
2024-11-26,Jodhpur,17.5,0.0,11.9,17.603333333333335,2.9056999077719228
2024-11-27,Jodhpur,18.3,0.0,9.1,17.766666666666666,2.9498490123064025
2024-11-28,Jodhpur,15.2,0.0,8.3,17.913333333333334,2.848318721672951
2024-11-29,Jodhpur,14.8,0.0,7.7,18.1,2.881570453045493
2024-11-30,Jodhpur,15.2,0.6,9.3,18.30666666666667,2.918187124218861
2024-12-01,Jodhpur,23.0,0.0,7.1,18.493333333333336,2.8782098523258686
2024-12-02,Jodhpur,22.4,5.6,10.2,18.563333333333333,2.8534894951363112
2024-12-03,Jodhpur,22.4,0.0,5.9,18.6,2.8768996722410454
2024-12-04,Jodhpur,19.1,0.0,7.1,18.75,2.8593162915590686
2024-12-05,Jodhpur,16.2,0.0,6.8,18.8,2.860672696388868
2024-12-06,Jodhpur,18.7,0.0,8.6,19.12333333333333,2.8121268590280613
2024-12-07,Jodhpur,19.7,0.0,10.8,19.243333333333332,2.9295972811783715
2024-12-08,Jodhpur,19.5,0.0,9.1,19.456666666666667,2.849402034467165
2024-12-09,Jodhpur,21.9,1.5,12.4,19.64333333333333,2.6492267360218893
2024-12-10,Jodhpur,21.4,0.0,6.2,19.92,2.4198033547924225
2024-12-11,Jodhpur,20.9,0.0,8.1,19.95,2.425119975703123
2024-12-12,Jodhpur,18.1,0.0,8.6,19.95,2.425119975703123
2024-12-13,Jodhpur,21.3,0.0,6.8,20.09,2.4477082877809493
2024-12-14,Jodhpur,21.8,4.9,8.3,20.336666666666662,2.3067342691580897
2024-12-15,Jodhpur,20.6,4.4,6.5,20.576666666666664,2.0735914759657796
2024-12-16,Jodhpur,18.6,0.0,14.2,20.796666666666667,1.8178204708854877
2024-12-17,Jodhpur,20.9,0.0,8.8,20.720689655172414,1.8008687011607345
2024-12-18,Jodhpur,20.6,0.0,5.9,20.660714285714285,1.8041801843410366
2024-12-19,Jodhpur,19.6,0.0,11.5,20.5962962962963,1.8054365509770673
2024-12-20,Jodhpur,23.4,0.0,11.2,20.653846153846153,1.8157600654787935
2024-12-21,Jodhpur,23.7,0.0,6.4,20.832000000000004,1.6046079479641464
2024-12-22,Jodhpur,21.5,0.0,11.4,20.920833333333334,1.5750718870192966
2024-12-23,Jodhpur,19.5,0.0,8.7,20.973913043478262,1.5883717767541305
2024-12-24,Jodhpur,21.9,0.0,7.0,21.040909090909093,1.5921411432146562
2024-12-25,Jodhpur,20.8,0.0,11.1,21.000000000000004,1.6195678435939724
2024-12-26,Jodhpur,17.5,4.4,7.8,20.98,1.658978760056805
2024-12-27,Jodhpur,22.5,0.1,7.6,20.984210526315792,1.7043288538628039
2024-12-28,Jodhpur,22.6,0.0,15.9,21.144444444444446,1.5997140267324383
2024-12-29,Jodhpur,22.0,0.0,8.1,21.13529411764706,1.6484618499051633
2024-12-30,Jodhpur,21.8,0.2,12.4,21.093750000000004,1.6933079066346712
